season,specie,sex,age(month),temperature,symptom1,symptom2,symptom3,symptom4,symptom5,symptom6,symptom7,Disease
3,2,9,59,38.65,46,26,18,55,37,14,14,15
3,2,6,121,38.65,32,14,39,23,41,14,38,11
4,8,6,77,39.25,32,40,53,16,31,29,43,10
12,2,9,108,38.65,23,39,41,27,43,38,24,11
12,2,6,75,38.65,17,45,42,32,47,31,50,1
4,2,6,76,38.65,20,32,36,30,54,31,54,7
3,8,6,22,39.25,32,20,30,36,22,22,35,7
4,8,6,33,39.25,42,28,32,45,43,28,14,1
12,2,6,109,38.65,48,45,42,32,43,28,28,1
4,2,9,126,38.65,18,55,32,54,38,31,36,13
4,2,9,102,38.65,52,39,37,34,37,14,37,5
12,8,9,64,39.25,55,46,26,18,14,24,43,15
12,2,6,86,38.65,23,32,27,39,47,14,36,11
3,2,9,60,38.65,23,39,33,27,48,44,14,11
3,2,9,108,38.65,54,18,55,32,33,31,14,13
4,2,9,73,38.65,20,30,32,36,35,43,37,7
12,8,9,57,39.25,52,39,34,37,51,37,25,5
4,8,6,51,39.25,49,19,34,54,25,43,14,0
4,2,9,22,38.65,27,14,37,23,43,14,35,11
3,2,6,37,38.65,32,36,37,30,29,54,14,7
3,2,9,44,38.65,23,39,32,27,44,28,14,11
4,8,9,4,39.25,23,39,32,27,14,31,21,11
4,2,6,92,38.65,32,20,36,30,51,22,50,7
12,8,9,77,39.25,22,55,32,54,54,31,14,13
12,2,6,96,38.65,34,19,54,49,41,50,14,0
4,8,6,100,39.25,53,16,40,32,14,37,43,10
12,2,6,8,38.65,32,40,53,16,14,33,48,10
3,8,6,89,39.25,32,17,42,45,14,48,41,1
4,2,6,66,38.65,40,53,32,16,14,36,41,10
12,8,6,53,39.25,34,52,37,41,38,29,14,5
12,8,9,44,39.25,27,39,23,32,51,14,31,11
4,8,6,8,39.25,18,55,32,54,51,31,35,13
12,2,9,44,38.65,32,20,36,30,29,51,22,7
3,2,6,21,38.65,47,33,40,32,54,14,54,10
4,2,9,22,38.65,26,14,46,18,36,37,14,15
4,8,6,12,39.25,39,29,14,52,41,25,36,5
12,2,6,62,38.65,39,27,23,32,35,14,29,11
12,2,6,106,38.65,18,26,55,46,43,44,14,15
4,8,9,67,39.25,20,32,30,36,33,38,28,7
12,2,9,15,38.65,39,41,37,34,14,24,47,5
3,8,6,69,39.25,53,16,14,32,14,22,43,10
12,8,9,76,39.25,34,52,37,39,25,14,43,5
4,2,6,100,38.65,53,16,40,32,14,35,14,10
4,2,6,7,38.65,45,17,32,42,54,22,24,1
4,2,6,49,38.65,17,45,14,32,28,31,21,1
3,8,9,112,39.25,32,20,36,30,14,25,43,7
3,2,6,107,38.65,16,53,40,32,24,21,33,10
4,8,6,1,39.25,34,19,41,49,38,21,50,0
4,2,6,33,38.65,32,20,36,30,48,14,43,7
12,8,6,115,39.25,17,45,42,32,43,51,22,1
4,2,6,50,38.65,39,32,27,23,28,29,29,11
4,2,9,3,38.65,30,20,32,36,28,50,14,7
3,2,6,99,38.65,16,40,53,32,41,43,50,10
12,8,6,100,39.25,34,52,39,37,14,35,47,5
4,2,6,4,38.65,23,39,32,27,24,36,14,11
4,8,6,6,39.25,55,54,14,18,25,54,48,13
4,8,9,29,39.25,49,19,34,44,14,14,14,0
12,8,6,105,39.25,34,54,49,19,36,48,14,0
12,2,9,1,38.65,32,55,18,54,14,54,44,13
3,2,9,15,38.65,19,54,49,34,54,29,14,0
12,8,6,73,39.25,18,55,32,54,50,14,28,13
12,8,6,55,39.25,27,39,14,32,14,21,24,11
12,2,9,82,38.65,49,19,34,54,43,28,38,0
3,2,9,120,38.65,26,55,46,18,31,22,29,15
3,2,6,77,38.65,42,17,32,45,29,47,25,1
3,8,9,4,39.25,51,26,55,14,43,14,14,15
12,8,6,121,39.25,39,23,27,32,14,47,14,11
4,2,9,78,38.65,49,19,34,54,14,51,14,0
12,8,6,20,39.25,16,53,40,32,44,29,35,10
4,8,6,100,39.25,26,55,46,18,38,31,36,15
12,8,6,70,39.25,36,14,20,32,29,47,47,7
12,8,9,9,39.25,52,37,39,34,14,54,14,5
12,8,6,104,39.25,32,20,36,30,14,33,28,7
3,8,6,68,39.25,32,17,42,45,31,14,22,1
4,2,6,80,38.65,34,52,37,39,14,41,28,5
12,8,6,31,39.25,42,14,32,17,22,31,14,1
3,8,6,91,39.25,17,32,45,42,48,41,31,1
3,2,9,97,38.65,32,23,27,39,36,31,14,11
4,8,6,36,39.25,18,32,55,54,22,14,24,13
12,8,6,115,39.25,54,42,32,14,14,22,36,1
12,2,9,88,38.65,46,14,18,29,24,44,14,15
4,8,9,92,39.25,37,14,52,34,51,24,36,5
3,2,6,45,38.65,52,39,34,37,14,51,22,5
3,8,6,51,39.25,17,45,32,42,14,44,14,1
4,8,9,117,39.25,21,26,18,46,25,50,37,15
12,2,6,110,38.65,26,55,46,18,28,25,14,15
4,2,6,7,38.65,27,32,23,39,14,35,31,11
3,2,9,51,38.65,36,32,43,30,24,43,31,7
3,2,9,18,38.65,27,23,32,39,14,35,41,11
3,2,9,59,38.65,34,52,37,39,14,48,37,5
4,2,6,1,38.65,34,37,52,39,48,22,22,5
3,8,6,80,39.25,42,45,17,51,24,48,47,1
12,2,9,73,38.65,26,14,46,18,14,28,25,15
3,8,9,98,39.25,37,39,54,37,22,25,14,5
4,8,6,107,39.25,55,46,18,26,14,14,50,15
4,8,6,75,39.25,17,45,42,32,21,51,43,1
12,2,6,63,38.65,17,45,42,32,14,41,14,1
3,8,9,76,39.25,26,25,55,46,14,47,35,15
4,2,9,72,38.65,18,54,55,32,44,36,43,13
4,8,9,65,39.25,49,19,34,54,21,51,44,0
4,2,6,46,38.65,17,45,42,32,22,14,35,1
3,2,6,38,38.65,32,39,23,27,41,29,14,11
4,8,6,48,39.25,23,39,14,27,33,14,41,11
4,2,9,12,38.65,49,34,54,19,43,41,14,0
12,2,6,70,38.65,23,27,39,50,41,54,33,11
12,8,6,28,39.25,27,39,32,23,25,14,54,11
3,2,9,60,38.65,51,19,34,54,25,33,25,0
3,8,9,36,39.25,19,14,14,14,14,14,14,0
12,2,6,80,38.65,18,55,32,54,41,54,43,13
3,2,6,88,38.65,37,39,52,34,24,54,21,5
4,2,6,107,38.65,23,39,32,27,48,25,47,11
3,2,6,67,38.65,30,20,32,36,28,44,14,7
12,2,6,11,38.65,53,16,40,32,41,24,31,10
3,2,6,36,38.65,55,18,46,26,14,14,21,15
12,8,6,96,39.25,53,16,40,32,14,47,37,10
3,2,6,115,38.65,17,45,42,32,31,48,35,1
3,8,9,15,39.25,49,19,34,54,51,22,14,0
3,2,6,26,38.65,37,14,52,34,38,43,29,5
3,2,6,45,38.65,49,19,34,54,14,35,14,0
12,2,6,51,38.65,53,16,40,32,31,21,14,10
4,8,9,43,39.25,55,18,46,26,35,14,38,15
4,2,6,32,38.65,49,19,54,34,14,47,14,0
4,8,6,61,39.25,34,52,37,39,21,51,25,5
4,2,9,44,38.65,34,52,47,14,38,22,35,5
3,2,6,13,38.65,55,46,18,26,36,25,54,15
3,8,6,94,39.25,17,45,42,32,41,36,35,1
4,8,9,35,39.25,23,39,24,27,14,22,14,11
3,2,6,64,38.65,32,20,36,30,43,14,54,7
4,2,9,62,38.65,37,39,34,52,43,51,41,5
3,8,6,80,39.25,18,46,55,26,14,14,14,15
12,2,9,77,38.65,20,30,32,36,14,25,38,7
3,8,9,80,39.25,54,32,18,55,14,35,31,13
3,8,6,43,39.25,32,36,20,30,14,31,28,7
12,2,9,88,38.65,23,39,32,27,24,41,50,11
4,2,6,6,38.65,32,40,14,53,35,14,22,10
12,8,6,113,39.25,40,21,53,14,14,14,51,10
3,2,6,102,38.65,32,20,36,30,37,14,14,7
3,8,9,89,39.25,23,14,32,27,14,24,14,11
3,2,6,98,38.65,26,55,18,46,38,21,43,15
4,8,9,100,39.25,34,52,37,39,43,28,43,5
12,8,9,97,39.25,26,46,55,18,24,44,43,15
12,8,6,61,39.25,34,39,37,14,44,14,28,5
12,2,9,95,38.65,39,27,32,14,25,14,24,11
4,2,6,38,38.65,17,45,42,32,43,25,38,1
4,2,6,73,38.65,26,55,46,29,33,14,14,15
4,8,6,65,39.25,17,45,42,32,28,14,43,1
12,2,6,94,38.65,18,26,55,46,22,14,43,15
12,8,6,21,39.25,26,55,46,18,22,37,28,15
4,8,6,29,39.25,17,45,42,32,36,33,22,1
12,8,9,61,39.25,27,32,39,23,54,31,14,11
3,8,6,62,39.25,32,20,36,41,41,36,24,7
12,8,9,94,39.25,23,14,32,27,28,37,14,11
3,2,6,107,38.65,55,47,18,26,38,24,37,15
12,8,9,24,39.25,49,19,34,54,54,22,28,0
3,8,6,63,39.25,18,55,32,54,28,48,51,13
3,2,6,38,38.65,42,45,32,17,33,24,33,1
12,2,9,106,38.65,23,39,32,27,14,29,35,11
3,8,6,117,39.25,23,14,32,27,33,35,50,11
4,8,6,40,39.25,53,16,40,32,35,51,37,10
4,2,6,42,38.65,39,23,32,27,44,36,14,11
12,8,9,113,39.25,18,46,26,55,54,29,51,15
12,2,6,73,38.65,17,45,42,32,50,38,22,1
4,8,6,32,39.25,55,18,54,32,14,38,36,13
4,2,6,9,38.65,53,16,38,32,14,51,44,10
4,2,6,43,38.65,40,53,16,32,21,37,14,10
12,8,9,15,39.25,18,55,32,14,48,21,37,13
3,2,6,50,38.65,16,40,32,53,14,44,14,10
4,8,6,31,39.25,27,23,39,14,14,35,14,11
12,8,9,64,39.25,23,39,32,27,14,33,48,11
4,8,6,8,39.25,34,19,49,54,36,14,47,0
3,8,6,50,39.25,32,36,30,20,43,21,14,7
12,8,9,19,39.25,49,19,34,44,50,14,22,0
3,8,9,84,39.25,23,39,32,27,14,14,31,11
3,8,9,49,39.25,23,39,27,32,14,14,38,11
12,8,6,76,39.25,32,42,45,17,43,24,54,1
12,2,9,49,38.65,49,19,34,54,31,48,48,0
4,2,6,84,38.65,18,55,32,54,14,35,35,13
12,2,9,81,38.65,32,39,27,23,31,35,54,11
3,2,6,53,38.65,18,14,32,54,14,31,43,13
12,2,6,88,38.65,35,55,46,18,48,14,54,15
3,2,9,17,38.65,26,55,46,18,50,51,28,15
4,8,6,107,39.25,34,49,54,19,33,41,48,0
3,2,9,24,38.65,32,18,54,55,29,33,36,13
12,2,9,74,38.65,34,39,37,52,29,50,50,5
4,8,9,66,39.25,30,20,32,36,14,47,14,7
12,8,6,112,39.25,18,26,46,55,14,44,28,15
3,2,9,1,38.65,49,19,34,54,47,47,25,0
12,2,9,31,38.65,23,39,32,27,14,48,14,11
4,8,9,17,39.25,39,34,37,52,33,36,14,5
3,8,9,23,39.25,52,51,37,14,14,31,14,5
4,8,6,18,39.25,34,52,37,39,29,14,51,5
12,2,6,3,38.65,55,26,18,46,38,14,48,15
3,8,9,103,39.25,34,54,49,19,47,47,43,0
3,2,6,55,38.65,40,53,16,54,31,31,44,10
3,2,6,32,38.65,23,39,27,32,48,22,25,11
4,2,6,53,38.65,32,20,14,30,51,21,22,7
12,2,6,45,38.65,26,55,47,18,41,14,28,15
4,8,9,71,39.25,37,52,34,39,25,48,51,5
12,2,6,25,38.65,17,45,42,32,25,48,37,1
4,8,6,81,39.25,32,45,42,17,14,29,37,1
3,8,6,33,39.25,46,26,14,18,41,14,14,15
12,2,9,27,38.65,18,55,32,54,51,14,35,13
12,2,6,17,38.65,52,39,34,37,14,50,33,5
12,8,6,56,39.25,40,53,16,32,14,25,47,10
12,2,9,39,38.65,26,55,46,18,50,22,21,15
3,2,6,113,38.65,34,52,37,39,41,41,14,5
4,2,9,102,38.65,34,52,37,14,14,47,24,5
4,2,9,72,38.65,39,32,27,23,14,22,14,11
12,2,6,77,38.65,17,45,42,32,14,25,43,1
4,8,9,55,39.25,52,39,37,34,14,29,29,5
12,8,6,101,39.25,17,45,42,32,33,51,54,1
4,2,9,92,38.65,32,20,36,30,14,41,22,7
12,2,9,27,38.65,23,27,39,32,41,25,29,11
3,2,6,81,38.65,34,52,37,39,31,37,41,5
4,8,6,115,39.25,36,20,30,32,25,33,21,7
12,8,9,13,39.25,55,46,26,18,14,24,43,15
4,8,6,92,39.25,39,34,52,14,38,50,14,5
4,8,6,13,39.25,17,45,42,32,41,36,14,1
4,2,6,76,38.65,20,36,30,32,21,24,24,7
12,2,9,83,38.65,32,20,36,30,29,44,51,7
12,2,6,9,38.65,17,14,14,32,14,37,14,1
12,8,6,68,39.25,17,42,32,45,14,48,25,1
12,8,6,77,39.25,42,32,17,45,22,51,28,1
3,8,9,39,39.25,18,55,26,46,33,28,37,15
12,2,9,115,38.65,36,20,38,30,37,51,38,7
3,2,6,30,38.65,32,27,44,23,29,29,14,11
3,8,6,4,39.25,32,45,42,17,29,35,54,1
4,8,6,105,39.25,30,20,36,32,50,31,47,7
12,2,9,111,38.65,18,55,31,26,33,50,25,15
3,2,9,78,38.65,54,19,34,49,22,28,41,0
3,8,9,65,39.25,39,34,37,52,28,14,14,5
3,8,9,72,39.25,37,34,52,39,25,14,14,5
4,8,9,56,39.25,34,52,37,39,37,14,28,5
4,8,6,116,39.25,23,39,14,27,43,38,25,11
12,2,9,1,38.65,26,55,18,46,21,14,54,15
3,8,6,106,39.25,54,34,49,19,54,43,14,0
12,8,6,53,39.25,23,39,32,27,14,44,37,11
12,8,6,2,39.25,17,45,54,32,14,21,24,1
4,2,9,75,38.65,34,14,37,39,31,48,54,5
12,2,9,54,38.65,18,26,46,55,44,21,14,15
4,8,9,52,39.25,25,39,32,27,47,29,44,11
3,8,6,82,39.25,26,55,18,46,44,14,33,15
4,8,9,112,39.25,34,52,37,39,21,14,41,5
4,2,9,50,38.65,18,55,32,54,35,14,14,13
4,8,9,117,39.25,32,20,36,30,36,51,28,7
3,2,6,18,38.65,37,39,34,52,44,14,47,5
4,2,6,48,38.65,39,32,23,27,37,31,28,11
3,2,6,96,38.65,34,52,37,39,21,14,47,5
3,8,6,60,39.25,45,42,17,32,37,47,50,1
12,8,9,93,39.25,39,32,23,27,33,22,24,11
4,2,9,85,38.65,49,19,34,54,38,14,14,0
12,8,9,65,39.25,18,55,32,54,22,29,54,13
4,8,6,111,39.25,30,32,36,20,36,48,33,7
4,8,9,56,39.25,23,39,32,27,44,28,14,11
3,2,6,61,38.65,21,20,36,30,50,21,48,7
4,2,9,63,38.65,23,39,32,27,41,35,14,11
12,8,6,62,39.25,26,55,46,18,41,43,44,15
4,2,6,27,38.65,27,23,32,39,14,14,14,11
12,2,6,92,38.65,32,20,36,30,25,14,54,7
12,2,6,41,38.65,32,20,36,14,24,22,33,7
4,8,6,61,39.25,34,52,37,39,54,35,51,5
4,2,6,39,38.65,32,14,53,16,28,29,14,10
4,8,6,96,39.25,53,16,28,32,35,37,35,10
12,2,6,89,38.65,52,39,14,37,41,21,36,5
4,8,6,71,39.25,32,20,14,30,37,37,44,7
4,2,6,20,38.65,26,55,46,18,14,14,51,15
12,8,6,88,39.25,40,16,32,53,14,14,22,10
12,2,6,40,38.65,32,30,20,36,14,22,35,7
4,2,6,13,38.65,26,55,46,18,14,41,43,15
4,8,6,50,39.25,39,34,52,37,22,29,48,5
12,8,6,80,39.25,20,32,30,14,43,36,25,7
12,2,6,115,38.65,32,20,36,30,31,43,29,7
4,2,6,72,38.65,18,55,32,54,43,25,14,13
3,2,6,97,38.65,46,14,18,55,43,29,47,15
12,8,9,3,39.25,18,46,26,55,38,14,35,15
4,2,6,87,38.65,17,42,32,45,22,25,29,1
3,8,9,90,39.25,26,14,46,18,43,41,14,15
3,8,9,61,39.25,32,20,36,30,36,14,14,7
4,8,6,34,39.25,36,30,20,32,24,31,43,7
4,8,9,113,39.25,26,55,46,18,41,51,36,15
3,8,6,31,39.25,23,39,14,27,14,51,28,11
4,2,9,95,38.65,23,39,32,14,22,43,44,11
3,8,6,93,39.25,53,14,32,40,22,48,48,10
4,2,6,123,38.65,23,39,32,27,54,50,33,11
12,2,9,31,38.65,20,36,30,14,41,25,38,7
12,8,9,71,39.25,39,52,37,34,33,31,14,5
3,2,9,115,38.65,46,55,26,18,14,14,14,15
12,2,6,33,38.65,26,55,18,46,48,29,35,15
12,2,6,6,38.65,42,32,17,45,48,37,47,1
12,2,9,115,38.65,26,55,46,18,54,28,54,15
12,2,6,25,38.65,49,19,34,54,33,35,35,0
12,2,9,87,38.65,55,18,44,26,47,14,28,15
3,2,9,80,38.65,18,32,54,55,47,50,37,13
12,2,6,14,38.65,46,18,26,55,28,38,43,15
3,8,6,48,39.25,32,14,36,30,14,29,14,7
4,2,6,16,38.65,32,16,53,40,28,35,14,10
3,2,6,30,38.65,32,30,36,20,37,41,25,7
4,8,6,58,39.25,18,32,54,21,14,47,44,13
4,2,9,124,38.65,34,54,19,49,35,31,50,0
4,8,9,118,39.25,23,39,32,27,14,36,41,11
12,8,9,18,39.25,34,52,37,39,14,36,54,5
4,8,6,47,39.25,54,14,49,19,43,24,14,0
3,2,6,8,38.65,42,45,17,32,14,14,22,1
12,2,6,109,38.65,49,35,34,54,14,44,14,0
12,2,6,16,38.65,26,55,46,18,29,36,37,15
12,8,9,97,39.25,34,49,54,19,37,14,44,0
4,8,6,92,39.25,26,55,46,18,35,14,38,15
3,8,9,12,39.25,27,32,39,23,38,21,25,11
4,8,6,1,39.25,32,20,36,30,14,54,36,7
3,8,6,33,39.25,34,52,37,39,14,38,37,5
3,2,9,108,38.65,30,36,32,20,25,14,50,7
12,2,6,118,38.65,32,20,36,30,37,14,41,7
3,2,9,80,38.65,26,55,46,18,47,22,29,15
4,8,6,58,39.25,36,32,20,30,38,37,54,7
4,2,9,95,38.65,39,34,52,37,29,35,37,5
4,2,6,27,38.65,43,14,16,40,21,31,14,10
12,8,6,108,39.25,45,17,42,32,33,14,36,1
12,8,9,1,39.25,23,39,32,27,14,14,33,11
12,8,6,60,39.25,37,44,34,39,47,25,14,5
4,2,9,38,38.65,46,55,18,26,54,54,14,15
4,8,9,51,39.25,34,54,19,49,43,50,25,0
12,2,6,69,38.65,34,52,37,39,51,37,47,5
3,2,6,22,38.65,45,17,32,42,54,14,24,1
12,2,6,1,38.65,45,32,17,42,14,33,25,1
4,2,6,21,38.65,49,19,34,54,37,14,31,0
4,8,6,57,39.25,39,23,27,32,14,48,36,11
3,2,6,84,38.65,49,19,34,54,37,28,14,0
3,8,6,96,39.25,26,55,46,18,41,14,28,15
3,2,6,48,38.65,45,42,17,32,31,14,50,1
12,8,6,16,39.25,26,55,46,18,21,24,38,15
4,2,9,2,38.65,18,55,32,38,29,25,24,13
4,2,6,102,38.65,54,18,32,55,14,29,38,13
3,8,6,75,39.25,32,42,14,45,50,31,48,1
12,2,6,44,38.65,34,54,19,49,14,25,43,0
3,2,9,66,38.65,20,30,36,32,36,44,51,7
12,2,9,75,38.65,37,14,52,34,14,47,28,5
4,8,6,26,39.25,52,39,37,34,37,41,37,5
4,2,6,50,38.65,18,54,55,24,14,47,14,13
3,8,6,36,39.25,17,45,42,32,35,51,54,1
4,2,9,58,38.65,32,20,14,30,21,41,35,7
4,2,6,96,38.65,49,19,34,54,41,14,50,0
3,2,6,76,38.65,37,52,39,34,44,31,44,5
4,2,6,111,38.65,34,52,37,39,14,31,14,5
4,8,6,45,39.25,49,19,34,54,31,44,28,0
12,2,9,116,38.65,30,20,36,32,14,50,29,7
4,8,6,93,39.25,23,39,27,32,35,51,25,11
3,8,6,101,39.25,47,18,14,14,47,14,14,15
4,2,9,106,38.65,55,54,18,32,54,14,22,13
12,2,6,86,38.65,53,16,40,32,33,14,44,10
3,8,9,109,39.25,39,37,22,34,47,36,43,5
12,8,6,20,39.25,34,52,14,39,14,33,50,5
4,2,6,5,38.65,34,52,37,39,51,47,14,5
12,2,9,73,38.65,37,34,52,39,38,44,14,5
4,2,9,19,38.65,34,52,37,39,47,44,14,5
3,2,6,114,38.65,54,32,18,55,22,31,50,13
4,2,9,19,38.65,18,55,54,32,14,24,36,13
4,8,6,48,39.25,26,55,46,14,43,29,14,15
4,2,9,68,38.65,46,18,41,26,14,14,41,15
12,8,6,43,39.25,17,45,42,32,28,54,14,1
3,8,6,44,39.25,27,32,23,39,41,14,33,11
12,8,9,110,39.25,37,52,39,34,14,14,51,5
12,2,9,69,38.65,26,55,46,18,38,14,25,15
4,2,6,16,38.65,49,19,14,34,38,14,24,0
3,8,6,52,39.25,42,32,17,45,35,48,28,1
12,2,6,54,38.65,32,20,36,30,24,24,37,7
4,8,6,5,39.25,27,39,32,23,14,14,47,11
3,8,9,42,39.25,37,14,39,52,21,47,14,5
12,2,6,85,38.65,45,32,42,17,29,14,14,1
12,2,6,1,38.65,53,40,32,14,50,54,54,10
12,8,6,45,39.25,42,17,14,45,29,48,38,1
3,2,9,30,38.65,39,14,37,34,22,35,25,5
4,2,9,77,38.65,32,20,36,30,14,24,14,7
12,2,9,42,38.65,54,49,19,34,47,47,14,0
3,8,9,25,39.25,36,23,27,39,41,33,14,11
4,8,6,10,39.25,32,20,30,36,24,41,48,7
12,2,9,41,38.65,36,20,30,32,37,43,21,7
4,8,6,50,39.25,32,20,36,30,41,43,28,7
3,2,6,115,38.65,26,55,46,14,41,43,14,15
12,2,9,8,38.65,26,55,46,18,31,14,51,15
3,8,6,26,39.25,17,14,42,32,43,28,14,1
4,8,9,71,39.25,32,54,55,18,47,22,35,13
3,8,6,50,39.25,55,26,18,46,14,41,35,15
3,8,6,35,39.25,45,42,17,32,51,41,14,1
4,2,9,34,38.65,54,19,49,34,29,21,14,0
12,2,9,21,38.65,34,52,37,39,41,14,37,5
12,8,6,30,39.25,53,16,40,29,21,43,51,10
4,2,9,50,38.65,18,55,32,54,43,48,14,13
12,2,9,83,38.65,18,55,48,54,14,14,21,13
4,8,6,38,39.25,17,45,32,42,21,51,14,1
4,2,9,82,38.65,39,37,34,52,24,48,48,5
4,2,9,95,38.65,34,52,37,39,28,48,14,5
12,8,9,7,39.25,55,18,46,14,14,14,31,15
4,2,6,116,38.65,32,53,16,40,44,47,29,10
12,8,9,85,39.25,34,19,54,49,14,41,25,0
4,2,9,95,38.65,34,52,37,39,14,48,28,5
12,2,6,121,38.65,23,39,27,32,51,48,48,11
12,8,6,62,39.25,26,55,46,18,37,37,41,15
12,2,9,110,38.65,32,20,36,30,48,47,31,7
12,8,9,42,39.25,32,54,18,55,25,31,25,13
4,8,6,90,39.25,26,46,55,18,25,54,47,15
3,8,9,43,39.25,34,14,37,39,24,50,14,5
4,2,9,40,38.65,23,14,32,27,37,14,41,11
12,2,6,77,38.65,45,17,32,42,24,51,43,1
3,8,6,77,39.25,32,42,45,17,33,41,47,1
12,2,6,54,38.65,26,46,18,14,22,28,41,15
4,8,9,57,39.25,32,20,36,30,24,14,31,7
3,8,9,3,39.25,34,52,37,39,54,36,35,5
12,2,6,19,38.65,17,45,42,32,54,48,48,1
3,8,6,6,39.25,42,45,32,17,25,44,37,1
12,2,9,24,38.65,23,27,32,39,28,33,33,11
12,2,6,77,38.65,32,36,20,30,14,51,14,7
12,8,6,59,39.25,17,45,42,32,41,48,14,1
3,8,9,42,39.25,32,20,36,30,47,25,28,7
3,8,6,86,39.25,49,19,34,54,50,36,43,0
12,2,9,112,38.65,23,39,32,27,22,37,28,11
4,8,9,22,39.25,52,37,34,39,38,47,14,5
3,8,6,56,39.25,55,26,18,46,28,38,28,15
12,2,9,101,38.65,39,27,23,32,48,29,47,11
4,8,9,59,39.25,26,14,46,18,50,14,35,15
3,2,6,116,38.65,26,55,46,18,31,41,41,15
3,8,6,32,39.25,20,30,32,36,14,36,36,7
3,2,6,7,38.65,17,45,42,32,21,54,14,1
4,8,6,88,39.25,22,52,37,39,54,48,14,5
4,2,9,3,38.65,32,20,36,30,36,35,51,7
12,8,9,68,39.25,18,14,48,54,36,41,36,13
12,8,6,103,39.25,32,36,20,14,38,43,38,7
12,2,9,120,38.65,23,39,27,32,24,54,14,11
12,2,6,90,38.65,53,16,40,32,41,14,14,10
12,2,6,77,38.65,53,16,40,32,21,33,48,10
3,8,9,58,39.25,26,55,46,18,38,35,38,15
12,2,6,35,38.65,40,32,16,53,41,14,51,10
12,8,9,126,39.25,27,39,23,32,14,51,14,11
12,8,6,23,39.25,17,42,32,45,14,21,43,1
12,8,9,101,39.25,26,55,46,18,21,31,21,15
12,2,6,43,38.65,19,34,49,54,43,50,36,0
3,8,9,78,39.25,18,55,32,54,48,14,50,13
12,2,9,6,38.65,37,52,39,34,14,24,36,5
3,8,9,39,39.25,34,52,37,39,14,43,22,5
12,8,6,81,39.25,54,52,37,39,36,21,14,5
4,8,9,79,39.25,32,20,36,30,36,44,24,7
3,8,9,40,39.25,23,39,32,27,28,21,51,11
3,8,6,61,39.25,54,18,55,32,31,25,47,13
4,8,6,90,39.25,32,45,17,42,38,54,31,1
3,2,9,89,38.65,23,39,32,27,35,14,21,11
12,2,6,60,38.65,20,32,36,30,14,28,33,7
3,8,6,114,39.25,23,39,32,27,24,14,54,11
12,8,9,91,39.25,18,55,26,46,50,25,33,15
12,8,9,32,39.25,54,55,32,18,47,31,38,13
3,8,6,62,39.25,18,32,55,54,50,51,24,13
12,8,6,3,39.25,39,37,52,34,54,14,31,5
4,8,6,59,39.25,23,39,32,27,28,14,22,11
12,8,9,14,39.25,18,54,55,32,37,33,25,13
12,8,6,78,39.25,32,45,17,42,14,14,14,1
12,2,6,94,38.65,34,52,37,39,29,48,14,5
3,2,6,88,38.65,18,32,48,55,36,31,14,13
3,2,6,38,38.65,17,45,42,32,38,22,50,1
3,2,9,41,38.65,39,27,47,23,14,48,14,11
4,2,6,52,38.65,53,16,40,32,28,35,35,10
4,2,9,34,38.65,34,52,37,39,24,25,48,5
4,8,9,32,39.25,30,32,20,36,14,48,28,7
3,8,6,5,39.25,26,55,46,14,22,54,36,15
4,8,6,38,39.25,54,18,55,32,31,14,14,13
4,8,6,80,39.25,27,14,39,32,14,41,44,11
12,8,6,71,39.25,17,42,32,45,24,14,14,1
3,8,6,14,39.25,45,42,17,32,35,14,22,1
12,2,6,48,38.65,39,34,37,52,14,36,24,5
3,2,9,63,38.65,39,32,23,27,38,14,25,11
12,8,9,11,39.25,23,39,27,32,29,50,21,11
4,2,6,67,38.65,22,17,45,42,35,33,43,1
3,8,9,114,39.25,32,20,36,30,14,48,41,7
3,8,9,3,39.25,34,49,19,54,54,51,48,0
4,8,6,94,39.25,32,53,16,40,43,47,54,10
12,8,9,16,39.25,26,55,14,18,25,35,24,15
4,8,9,25,39.25,49,34,19,54,51,50,14,0
12,2,6,30,38.65,23,39,32,50,24,48,48,11
4,8,9,105,39.25,46,14,18,26,25,24,14,15
4,8,6,105,39.25,27,39,32,23,43,37,14,11
3,2,6,71,38.65,26,55,46,18,44,54,54,15
4,2,9,79,38.65,23,39,32,27,24,54,51,11
4,8,9,41,39.25,54,55,32,18,50,38,21,13
4,2,6,80,38.65,36,32,30,20,14,44,48,7
3,2,6,98,38.65,52,14,39,37,44,29,37,5
12,2,9,67,38.65,32,20,36,30,43,51,21,7
4,8,6,108,39.25,40,37,14,16,41,36,14,10
12,2,9,20,38.65,23,27,14,39,14,38,48,11
3,8,9,56,39.25,20,30,32,36,14,24,48,7
3,2,6,22,38.65,24,45,42,32,31,14,38,1
12,2,6,72,38.65,32,24,45,42,48,14,48,1
4,8,6,100,39.25,34,52,14,14,44,48,31,5
4,8,6,56,39.25,27,39,23,32,29,14,21,11
12,2,6,31,38.65,30,36,14,32,24,14,48,7
12,2,9,102,38.65,34,52,37,39,14,51,47,5
3,8,6,19,39.25,27,23,32,39,43,14,36,11
3,2,6,102,38.65,53,16,40,32,21,50,36,10
4,8,9,81,39.25,54,55,32,18,14,14,25,13
12,2,6,25,38.65,40,53,16,32,48,22,50,10
12,2,9,13,38.65,32,27,39,23,14,50,38,11
3,2,9,37,38.65,32,20,36,30,47,14,51,7
12,2,6,88,38.65,46,18,26,55,22,47,28,15
3,8,6,28,39.25,17,45,42,32,37,29,43,1
4,8,6,79,39.25,30,37,20,32,44,14,54,7
3,8,6,24,39.25,34,52,37,39,14,14,36,5
4,8,6,76,39.25,23,39,32,27,24,25,14,11
3,8,6,42,39.25,34,52,39,37,14,41,54,5
12,8,6,64,39.25,23,39,32,27,24,43,35,11
4,8,9,37,39.25,26,14,46,18,43,31,14,15
4,8,9,93,39.25,26,55,46,18,14,36,36,15
3,2,6,20,38.65,17,45,42,32,33,54,22,1
12,2,6,50,38.65,17,45,14,32,14,38,37,1
12,2,6,99,38.65,45,32,17,42,14,51,43,1
4,2,6,89,38.65,49,19,34,54,41,43,14,0
4,2,6,20,38.65,53,16,40,32,47,14,35,10
12,2,9,69,38.65,23,14,39,54,24,54,48,11
3,2,9,55,38.65,18,46,26,55,35,31,21,15
3,8,9,73,39.25,26,55,46,18,48,14,14,15
4,2,9,97,38.65,34,54,49,19,25,14,37,0
3,8,6,91,39.25,32,45,42,17,28,14,51,1
4,2,6,29,38.65,17,45,14,14,31,50,51,1
3,2,6,10,38.65,32,42,45,14,14,33,14,1
4,8,6,28,39.25,34,52,37,39,38,14,35,5
3,2,6,109,38.65,17,45,42,32,14,24,25,1
4,2,6,21,38.65,34,19,49,54,35,38,35,0
12,8,9,86,39.25,26,55,31,18,48,48,14,15
3,2,6,43,38.65,45,42,17,32,29,14,22,1
12,8,9,1,39.25,18,55,32,54,35,21,14,13
4,2,9,106,38.65,18,55,32,54,33,25,25,13
12,2,9,114,38.65,34,49,54,19,14,14,44,0
3,2,9,91,38.65,26,55,46,18,14,14,14,15
12,2,6,70,38.65,34,52,37,39,33,51,14,5
4,2,9,80,38.65,18,55,32,54,24,14,25,13
3,2,9,111,38.65,34,52,37,39,14,14,47,5
12,8,9,6,39.25,32,30,20,36,54,21,21,7
3,8,6,87,39.25,34,39,52,37,44,14,50,5
12,2,6,63,38.65,49,50,19,54,14,14,14,0
3,2,9,44,38.65,34,37,52,39,47,29,28,5
3,8,6,114,39.25,32,39,23,27,14,36,37,11
3,2,9,18,38.65,34,52,37,14,14,54,24,5
12,8,6,84,39.25,27,39,23,32,31,54,38,11
12,8,6,41,39.25,55,46,18,26,44,38,36,15
12,2,6,47,38.65,32,39,27,14,14,14,47,11
3,8,9,91,39.25,32,20,30,51,25,29,14,7
3,8,9,59,39.25,34,52,14,39,51,25,44,5
3,8,6,47,39.25,27,23,32,39,41,47,14,11
4,8,6,79,39.25,53,35,40,32,28,44,47,10
3,2,9,18,38.65,34,52,39,37,36,51,33,5
4,2,6,93,38.65,39,52,37,34,54,14,14,5
4,2,9,70,38.65,34,52,37,39,35,43,33,5
3,2,9,92,38.65,36,20,30,21,41,36,48,7
12,2,9,63,38.65,34,52,37,39,28,14,22,5
4,2,6,96,38.65,32,23,27,39,38,28,14,11
3,8,9,101,39.25,32,36,30,20,38,37,25,7
3,2,6,97,38.65,17,45,42,32,37,50,24,1
4,2,9,71,38.65,34,52,37,39,14,28,28,5
3,8,6,63,39.25,32,20,36,30,44,33,50,7
3,2,6,92,38.65,27,14,32,39,36,33,50,11
12,2,6,40,38.65,37,34,52,39,51,38,14,5
4,8,9,105,39.25,30,32,36,20,14,14,41,7
3,2,6,1,38.65,32,20,36,30,47,33,54,7
3,8,6,115,39.25,55,18,32,54,38,47,28,13
3,8,6,82,39.25,23,39,32,27,14,37,29,11
3,2,6,85,38.65,27,32,39,23,35,14,43,11
3,2,6,49,38.65,18,55,32,54,14,28,41,13
3,8,9,48,39.25,34,14,37,39,35,14,14,5
4,2,6,45,38.65,45,42,17,32,28,28,44,1
4,2,6,14,38.65,17,45,42,32,44,28,14,1
12,8,6,23,39.25,53,16,40,32,35,21,14,10
4,2,6,103,38.65,49,34,19,54,28,43,51,0
12,2,9,68,38.65,37,52,34,39,14,14,51,5
3,2,6,109,38.65,20,32,36,30,14,21,41,7
12,2,6,57,38.65,23,39,32,27,14,21,21,11
4,2,6,68,38.65,40,37,16,32,14,14,14,10
12,2,6,58,38.65,34,14,37,14,44,37,41,5
4,8,9,112,39.25,23,39,32,27,14,51,51,11
4,8,9,75,39.25,49,19,34,54,51,44,14,0
4,2,9,27,38.65,49,54,34,19,21,31,35,0
12,8,9,113,39.25,18,46,14,55,48,38,29,15
12,2,9,69,38.65,34,39,37,52,25,51,38,5
12,8,9,85,39.25,54,34,49,14,38,43,14,0
12,8,9,41,39.25,32,55,18,54,51,33,28,13
3,8,6,101,39.25,34,52,37,39,54,36,24,5
12,8,6,57,39.25,42,45,17,32,14,51,38,1
3,2,6,64,38.65,18,26,46,55,47,50,48,15
3,8,6,13,39.25,39,23,27,32,48,47,33,11
12,8,6,36,39.25,49,54,19,34,14,47,14,0
3,2,6,89,38.65,26,55,46,18,14,50,41,15
12,2,6,120,38.65,18,55,54,32,22,14,28,13
3,8,6,20,39.25,36,32,20,30,14,14,29,7
12,2,9,25,38.65,46,26,55,18,14,54,50,15
4,8,6,107,39.25,34,52,37,39,24,14,14,5
4,2,6,90,38.65,25,16,40,32,14,37,54,10
4,2,6,29,38.65,32,20,30,36,51,47,29,7
3,8,9,86,39.25,27,23,39,32,14,50,36,11
4,8,6,31,39.25,30,32,20,36,54,14,51,7
4,2,9,4,38.65,23,39,32,24,41,38,37,11
3,8,6,100,39.25,32,14,45,42,14,25,50,1
3,2,6,20,38.65,39,23,27,32,35,47,14,11
4,2,6,7,38.65,34,52,37,39,14,38,54,5
12,2,6,106,38.65,39,14,14,32,14,31,14,11
12,2,6,85,38.65,26,55,46,18,35,24,35,15
4,2,9,12,38.65,26,55,46,18,43,14,33,15
3,8,9,5,39.25,34,52,37,39,51,38,14,5
12,2,6,8,38.65,53,32,36,40,29,35,35,10
3,2,6,9,38.65,34,52,14,39,51,51,38,5
12,8,9,10,39.25,32,39,23,27,31,14,41,11
4,2,9,7,38.65,46,18,26,55,50,29,29,15
4,8,9,95,39.25,34,14,37,39,14,14,51,5
3,2,6,92,38.65,54,19,34,49,50,47,14,0
4,2,6,19,38.65,53,16,40,32,54,37,31,10
12,8,6,101,39.25,20,36,32,30,38,14,35,7
3,8,6,23,39.25,34,39,52,37,14,37,44,5
12,2,9,27,38.65,23,39,32,27,47,51,29,11
12,2,6,107,38.65,49,19,34,54,25,47,28,0
4,2,6,7,38.65,45,14,42,32,14,50,36,1
3,2,6,11,38.65,23,39,32,27,24,36,14,11
3,8,9,92,39.25,37,34,52,39,41,14,14,5
12,8,6,45,39.25,42,14,17,32,14,14,33,1
3,8,6,96,39.25,20,32,36,30,38,35,14,7
12,2,6,109,38.65,32,17,45,42,43,35,25,1
4,2,9,85,38.65,37,52,39,34,48,14,47,5
4,8,6,33,39.25,54,49,19,43,14,14,38,0
4,2,6,23,38.65,23,39,32,27,24,48,37,11
4,2,6,31,38.65,26,55,14,18,29,14,31,15
3,8,6,109,39.25,45,42,32,17,51,36,22,1
4,8,6,1,39.25,17,45,42,32,38,33,14,1
4,2,6,12,38.65,17,45,42,32,14,47,14,1
4,8,9,49,39.25,30,20,36,32,14,48,31,7
4,8,9,60,39.25,44,39,32,27,51,28,43,11
3,2,6,79,38.65,53,16,40,32,51,14,43,10
12,2,6,44,38.65,32,45,42,17,29,14,36,1
12,8,9,60,39.25,36,32,30,20,31,29,29,7
4,2,6,69,38.65,23,32,39,27,14,14,36,11
4,8,6,30,39.25,49,19,34,54,14,33,22,0
4,2,6,1,38.65,36,29,30,32,21,54,14,7
4,8,9,112,39.25,26,55,46,18,50,37,24,15
12,8,6,55,39.25,37,39,52,34,14,28,24,5
12,8,6,72,39.25,49,19,34,14,33,50,36,0
12,8,6,52,39.25,53,40,32,16,48,54,14,10
12,8,6,83,39.25,32,23,39,27,14,37,14,11
4,2,6,50,38.65,32,20,30,36,43,48,22,7
4,8,9,76,39.25,36,30,32,20,21,14,33,7
4,8,9,53,39.25,32,36,20,14,14,51,14,7
3,2,9,105,38.65,49,19,34,54,48,41,14,0
12,8,6,24,39.25,17,45,42,32,14,43,38,1
12,2,6,17,38.65,55,14,26,18,29,14,48,15
12,8,9,89,39.25,23,39,32,27,14,35,35,11
3,8,6,93,39.25,53,16,40,32,48,14,47,10
3,8,6,110,39.25,17,45,42,14,36,29,38,1
3,8,9,41,39.25,18,55,32,54,37,48,29,13
3,2,6,36,38.65,23,39,32,14,51,28,14,11
4,2,6,114,38.65,34,52,37,43,14,14,25,5
4,2,6,26,38.65,32,16,14,40,33,50,14,10
12,2,6,92,38.65,17,32,45,42,29,48,51,1
4,8,9,15,39.25,27,32,39,23,47,36,14,11
4,2,6,89,38.65,53,16,40,14,54,24,14,10
12,2,6,32,38.65,54,18,55,32,51,14,14,13
12,8,9,124,39.25,28,34,39,37,31,14,51,5
3,2,6,38,38.65,17,45,21,32,41,31,22,1
12,2,9,91,38.65,33,27,32,39,48,37,25,11
12,8,6,50,39.25,34,19,14,49,22,24,48,0
3,2,6,57,38.65,53,16,40,14,37,14,36,10
3,8,6,92,39.25,17,45,42,32,24,47,54,1
4,8,9,94,39.25,34,52,37,39,14,33,33,5
12,2,9,8,38.65,26,55,46,18,31,38,21,15
12,8,9,21,39.25,37,14,34,52,38,14,37,5
4,8,6,81,39.25,23,39,41,27,54,37,41,11
4,8,6,3,39.25,23,27,32,14,48,14,14,11
12,8,9,37,39.25,18,55,46,26,29,50,31,15
12,2,6,65,38.65,49,19,34,54,28,14,14,0
3,8,9,53,39.25,18,29,46,26,33,33,35,15
4,8,9,98,39.25,26,55,18,46,50,14,54,15
3,2,9,6,38.65,32,36,20,30,38,50,36,7
4,8,9,14,39.25,49,34,19,54,47,37,14,0
3,2,6,74,38.65,23,39,32,27,31,29,21,11
12,8,6,66,39.25,32,20,36,30,14,14,51,7
3,8,9,36,39.25,18,54,14,32,43,37,48,13
3,2,6,5,38.65,26,55,46,18,21,22,35,15
3,2,9,46,38.65,54,49,34,19,48,48,37,0
12,8,6,19,39.25,29,32,14,17,38,51,36,1
3,2,9,38,38.65,32,20,36,30,31,21,24,7
3,2,6,23,38.65,32,20,36,30,33,48,14,7
3,2,6,46,38.65,17,45,42,32,51,48,51,1
3,8,6,74,39.25,17,45,42,54,14,24,14,1
4,2,6,107,38.65,36,20,30,32,24,54,21,7
12,8,9,111,39.25,27,32,39,23,54,43,14,11
4,8,6,93,39.25,34,52,37,39,31,38,48,5
4,8,9,64,39.25,18,55,46,38,51,24,38,15
4,8,6,63,39.25,54,19,34,49,14,35,35,0
12,8,9,80,39.25,54,14,19,34,28,14,22,0
3,2,6,65,38.65,54,32,18,55,14,21,36,13
4,2,6,75,38.65,53,16,40,54,31,29,51,10
4,8,9,13,39.25,19,14,34,49,47,14,14,0
3,2,6,45,38.65,55,26,46,18,14,28,41,15
4,8,6,40,39.25,18,55,32,54,44,21,14,13
3,2,6,12,38.65,55,18,46,26,51,14,41,15
3,2,6,81,38.65,49,34,54,19,22,38,54,0
12,8,9,78,39.25,23,32,39,27,24,29,25,11
12,8,6,64,39.25,23,39,32,27,31,14,54,11
3,8,6,94,39.25,53,14,40,32,43,50,14,10
3,8,6,65,39.25,40,16,32,53,29,21,38,10
12,2,6,71,38.65,32,42,17,45,47,51,36,1
12,8,9,55,39.25,34,39,37,52,14,14,24,5
4,2,9,57,38.65,46,18,55,26,14,14,14,15
3,2,9,43,38.65,32,27,39,23,14,25,22,11
4,2,6,67,38.65,20,30,32,36,43,14,14,7
3,8,6,116,39.25,26,18,55,46,29,47,14,15
12,2,6,17,38.65,49,19,34,54,48,22,25,0
12,2,6,15,38.65,34,39,37,52,44,37,24,5
4,2,6,41,38.65,17,45,42,32,14,33,35,1
12,2,6,103,38.65,34,52,37,39,36,36,43,5
4,2,9,79,38.65,23,39,32,27,14,54,43,11
4,2,9,39,38.65,26,46,55,18,35,51,36,15
12,2,9,28,38.65,43,46,26,18,37,33,24,15
4,8,6,19,39.25,52,39,34,37,22,33,47,5
3,2,6,86,38.65,36,30,32,20,47,33,14,7
3,8,6,66,39.25,53,16,40,32,36,28,14,10
4,8,6,101,39.25,34,39,52,37,33,14,29,5
3,8,6,17,39.25,23,14,39,27,14,14,22,11
12,2,6,40,38.65,26,55,46,18,54,35,33,15
12,8,9,90,39.25,32,20,36,30,14,21,29,7
12,2,6,69,38.65,49,19,54,34,50,31,54,0
4,8,6,78,39.25,34,39,37,52,54,50,14,5
3,8,9,94,39.25,32,20,36,30,47,14,14,7
4,8,6,57,39.25,36,32,30,20,38,14,14,7
3,8,9,28,39.25,27,39,23,32,21,28,14,11
12,8,6,33,39.25,49,34,14,19,14,14,36,0
3,2,9,70,38.65,49,19,34,54,47,47,14,0
3,8,6,70,39.25,46,14,18,55,37,33,31,15
3,2,9,99,38.65,39,52,14,37,44,25,14,5
12,8,9,50,39.25,18,55,54,32,35,14,48,13
12,2,6,80,38.65,26,55,18,46,14,29,28,15
3,2,9,31,38.65,20,30,36,32,21,31,36,7
3,8,6,32,39.25,36,20,32,30,21,50,51,7
12,8,6,13,39.25,17,45,42,32,14,35,35,1
4,2,9,55,38.65,34,49,19,54,14,37,50,0
3,2,9,79,38.65,23,32,39,54,31,28,14,11
4,2,6,44,38.65,17,45,42,32,47,14,51,1
3,2,6,41,38.65,17,45,14,32,35,14,35,1
3,8,9,15,39.25,23,27,39,32,21,35,24,11
3,2,9,15,38.65,54,34,49,19,51,43,14,0
12,8,6,98,39.25,17,45,42,32,25,14,31,1
3,8,6,81,39.25,53,16,40,32,38,37,29,10
12,2,6,10,38.65,34,52,37,39,14,31,24,5
4,8,6,46,39.25,17,45,42,32,14,14,41,1
4,2,6,81,38.65,34,49,54,19,28,44,33,0
12,8,9,58,39.25,32,27,39,25,47,51,43,11
3,8,6,123,39.25,45,17,32,42,35,43,14,1
12,8,6,95,39.25,54,18,32,55,35,14,14,13
3,2,6,50,38.65,32,27,23,39,50,25,33,11
3,2,6,96,38.65,42,17,45,32,51,38,54,1
3,8,9,14,39.25,34,52,37,39,31,31,35,5
3,2,9,96,38.65,18,55,32,22,28,14,25,13
4,2,6,67,38.65,18,54,32,14,35,14,44,13
3,2,9,28,38.65,23,39,32,27,44,41,41,11
3,8,6,87,39.25,30,36,32,20,41,37,24,7
4,8,6,65,39.25,18,46,26,55,36,31,35,15
4,8,9,14,39.25,23,39,32,27,31,14,29,11
3,2,9,94,38.65,32,20,36,30,21,41,14,7
12,2,9,1,38.65,34,39,52,37,14,21,33,5
12,8,6,116,39.25,23,39,32,44,48,37,54,11
4,2,6,36,38.65,18,55,32,14,48,14,14,13
3,2,6,60,38.65,27,32,39,23,36,37,14,11
3,2,6,36,38.65,53,35,14,16,54,14,51,10
3,2,6,44,38.65,53,16,14,32,24,14,29,10
4,2,9,44,38.65,26,55,46,18,28,25,28,15
3,8,6,35,39.25,30,32,36,14,14,44,14,7
3,2,6,76,38.65,53,16,40,32,28,33,33,10
3,8,9,74,39.25,34,52,37,39,50,35,37,5
4,8,6,60,39.25,34,52,37,39,33,36,54,5
4,2,9,109,38.65,23,14,32,27,54,14,35,11
12,8,6,84,39.25,17,42,45,32,44,31,21,1
12,8,6,107,39.25,17,31,42,32,14,48,38,1
12,8,9,16,39.25,52,34,14,39,51,14,51,5
12,2,6,117,38.65,18,46,26,55,44,14,14,15
4,8,6,23,39.25,26,55,46,18,25,14,37,15
3,8,6,58,39.25,17,45,42,32,44,38,14,1
12,8,6,47,39.25,20,32,36,30,54,22,36,7
3,8,9,33,39.25,38,27,39,23,22,28,36,11
12,8,6,65,39.25,42,14,32,45,28,24,54,1
4,2,6,118,38.65,34,54,49,19,25,14,24,0
4,2,6,40,38.65,30,32,20,36,28,24,54,7
12,8,9,116,39.25,39,34,37,52,33,29,54,5
4,8,6,79,39.25,54,49,19,34,22,14,14,0
12,2,6,13,38.65,23,39,32,27,25,51,47,11
3,8,9,62,39.25,34,52,37,39,33,41,14,5
4,2,6,37,38.65,20,30,32,36,14,21,38,7
3,2,6,23,38.65,32,45,42,17,36,54,38,1
3,2,9,16,38.65,18,55,46,26,38,14,28,15
3,2,6,90,38.65,17,45,42,32,14,37,14,1
4,2,9,95,38.65,49,19,34,54,50,43,54,0
4,8,6,79,39.25,16,40,53,32,51,14,24,10
4,8,6,33,39.25,49,19,34,54,14,31,14,0
4,8,6,104,39.25,39,34,52,37,33,37,50,5
12,8,9,77,39.25,34,52,37,39,25,14,14,5
12,2,9,39,38.65,32,55,54,18,14,33,38,13
3,8,6,17,39.25,32,53,40,16,54,14,37,10
12,2,6,52,38.65,18,55,32,54,43,38,33,13
12,2,6,53,38.65,26,55,46,18,44,22,22,15
12,2,9,13,38.65,32,20,36,30,50,48,24,7
3,8,6,24,39.25,26,55,46,18,14,51,47,15
3,8,6,110,39.25,49,19,34,54,28,38,21,0
4,2,6,33,38.65,17,45,42,32,51,14,14,1
12,2,6,74,38.65,37,52,39,34,35,35,44,5
12,2,9,31,38.65,34,52,37,39,54,29,50,5
12,2,6,1,38.65,17,45,14,32,35,44,35,1
3,2,6,18,38.65,17,45,42,32,33,14,21,1
3,2,6,52,38.65,17,45,42,32,14,31,22,1
12,8,9,98,39.25,34,52,37,39,22,31,28,5
3,8,9,33,39.25,32,36,20,30,47,41,36,7
4,2,6,34,38.65,36,32,20,30,37,38,48,7
12,8,6,61,39.25,26,55,46,18,36,37,31,15
3,2,6,43,38.65,38,45,42,32,14,22,51,1
3,8,6,61,39.25,34,52,37,41,24,29,14,5
4,2,9,116,38.65,23,39,32,27,48,43,14,11
4,2,6,41,38.65,18,55,32,54,44,47,35,13
4,8,6,63,39.25,26,55,46,18,14,35,44,15
3,2,6,15,38.65,26,55,46,18,43,22,38,15
4,2,6,30,38.65,49,33,34,54,14,38,14,0
4,8,9,121,39.25,52,37,34,39,54,31,37,5
12,8,6,1,39.25,17,32,42,45,33,35,37,1
4,2,6,89,38.65,32,20,30,36,14,47,43,7
3,8,6,15,39.25,37,39,34,52,50,21,44,5
12,2,9,18,38.65,46,14,26,55,36,50,47,15
12,8,6,99,39.25,34,52,37,39,50,50,44,5
12,8,6,55,39.25,34,52,37,39,14,47,28,5
12,8,6,79,39.25,26,55,46,18,38,25,44,15
12,2,9,38,38.65,18,26,55,46,51,31,14,15
3,2,6,1,38.65,32,20,36,30,41,25,21,7
12,8,6,37,39.25,17,32,42,45,14,14,51,1
3,2,6,75,38.65,25,52,37,39,38,41,25,5
4,2,9,2,38.65,26,18,55,46,41,31,33,15
3,2,6,95,38.65,36,32,20,30,24,50,47,7
12,2,6,64,38.65,48,32,42,45,14,35,33,1
3,2,6,104,38.65,52,39,34,37,28,31,24,5
3,2,6,80,38.65,16,32,40,53,14,29,28,10
12,2,9,108,38.65,32,23,39,27,44,36,29,11
4,8,9,14,39.25,23,39,32,27,14,14,50,11
4,8,6,113,39.25,40,36,32,16,47,44,38,10
12,8,9,114,39.25,32,14,36,30,14,44,31,7
12,8,6,1,39.25,16,40,53,32,14,31,14,10
12,2,6,60,38.65,36,32,30,14,14,50,51,7
3,8,9,110,39.25,34,52,37,39,29,44,35,5
12,2,6,34,38.65,18,26,46,55,24,14,21,15
4,8,6,105,39.25,17,45,42,32,14,36,51,1
4,2,6,116,38.65,32,27,23,39,31,54,37,11
3,2,6,98,38.65,34,52,37,39,22,33,51,5
4,2,6,14,38.65,32,20,36,30,14,14,22,7
4,2,6,85,38.65,53,16,40,32,36,37,47,10
12,8,6,108,39.25,34,52,37,39,22,47,47,5
12,2,9,24,38.65,18,46,26,55,47,36,54,15
3,2,9,10,38.65,32,54,55,18,41,14,14,13
3,2,6,103,38.65,23,32,27,39,14,14,22,11
12,8,9,8,39.25,34,52,37,39,14,37,43,5
12,8,6,51,39.25,26,55,46,18,14,24,14,15
12,2,9,69,38.65,26,55,46,18,54,24,14,15
12,2,6,116,38.65,34,52,37,39,41,14,51,5
3,8,6,8,39.25,18,55,14,54,54,25,14,13
4,8,6,104,39.25,18,26,46,55,37,14,47,15
3,8,6,79,39.25,27,32,23,39,31,44,33,11
3,2,6,61,38.65,54,55,32,18,14,14,14,13
3,2,6,38,38.65,17,45,42,32,48,36,14,1
4,8,9,55,39.25,32,20,36,30,44,14,14,7
3,2,9,118,38.65,23,14,27,39,14,14,41,11
3,2,6,119,38.65,32,45,17,42,48,33,29,1
3,8,6,37,39.25,54,55,32,18,14,51,14,13
12,8,6,74,39.25,39,23,27,32,31,14,14,11
12,8,9,17,39.25,37,34,52,39,54,24,31,5
3,8,6,67,39.25,23,39,32,27,21,38,50,11
3,2,6,35,38.65,53,16,40,32,14,51,50,10
4,2,9,73,38.65,26,55,46,18,50,33,29,15
12,8,9,54,39.25,39,34,52,37,31,14,38,5
3,8,6,40,39.25,17,45,42,32,14,14,28,1
12,2,9,2,38.65,18,55,32,54,31,14,14,13
3,8,9,21,39.25,37,52,34,29,47,14,14,5
4,8,6,26,39.25,17,45,42,32,50,31,22,1
3,8,6,57,39.25,46,26,18,14,31,22,14,15
12,2,6,44,38.65,49,19,34,54,14,37,14,0
3,8,6,1,39.25,32,37,36,30,43,47,36,7
3,2,6,98,38.65,32,20,36,30,22,14,25,7
4,2,6,57,38.65,30,20,32,36,48,48,22,7
4,8,6,87,39.25,53,16,40,32,37,37,50,10
12,8,6,67,39.25,53,16,40,31,41,47,21,10
12,2,6,95,38.65,17,45,32,35,36,54,14,1
12,2,9,103,38.65,54,34,19,49,54,35,43,0
12,2,9,13,38.65,26,55,46,18,51,29,22,15
3,2,6,126,38.65,19,34,49,14,22,14,29,0
4,2,9,59,38.65,39,23,32,27,22,38,36,11
3,8,6,85,39.25,17,45,42,32,35,14,37,1
4,2,9,3,38.65,26,55,46,18,14,14,14,15
4,2,6,8,38.65,26,55,14,18,35,51,14,15
4,8,9,83,39.25,26,55,46,14,14,14,25,15
4,8,6,67,39.25,17,45,42,32,37,47,31,1
4,2,9,11,38.65,26,55,46,18,54,14,14,15
12,8,9,74,39.25,34,52,39,37,31,21,14,5
3,2,6,6,38.65,27,23,39,32,14,22,44,11
12,2,6,39,38.65,23,37,32,27,33,50,14,11
12,2,9,108,38.65,46,26,55,18,51,38,21,15
4,8,6,22,39.25,26,55,14,18,36,51,47,15
12,8,9,71,39.25,49,19,34,54,14,37,24,0
4,2,6,39,38.65,45,17,32,42,24,48,14,1
3,2,9,120,38.65,26,55,46,18,48,48,48,15
3,8,6,118,39.25,45,32,42,17,38,44,37,1
12,8,9,115,39.25,52,37,34,39,21,36,29,5
3,8,9,19,39.25,32,39,27,23,21,44,44,11
12,8,9,73,39.25,52,39,37,34,14,44,54,5
4,2,9,38,38.65,23,39,32,27,44,25,50,11
4,2,6,18,38.65,39,27,23,32,43,28,25,11
12,8,9,41,39.25,23,39,32,27,25,24,14,11
3,8,6,110,39.25,52,39,34,37,14,47,51,5
3,2,6,32,38.65,37,39,52,34,51,37,31,5
4,2,6,20,38.65,16,40,53,14,14,48,38,10
4,2,6,29,38.65,34,52,37,39,33,44,35,5
3,2,6,25,38.65,54,14,55,18,51,38,14,13
4,8,6,99,39.25,54,34,19,49,35,43,50,0
4,2,6,13,38.65,32,42,45,17,35,54,33,1
3,2,9,23,38.65,23,14,32,27,43,48,24,11
12,2,6,94,38.65,53,16,40,32,24,14,14,10
12,8,6,82,39.25,34,52,37,39,22,28,47,5
4,8,9,68,39.25,20,32,36,30,54,14,14,7
4,8,6,40,39.25,32,27,39,23,54,25,28,11
12,8,6,92,39.25,49,34,54,19,36,51,54,0
4,2,9,50,38.65,46,55,18,26,33,35,51,15
3,2,9,53,38.65,20,30,36,32,33,31,21,7
3,8,6,10,39.25,53,16,40,32,44,14,33,10
3,2,9,20,38.65,36,20,32,30,47,14,41,7
3,2,6,120,38.65,26,55,46,18,38,36,41,15
4,8,9,25,39.25,32,20,36,30,25,33,14,7
4,8,6,75,39.25,17,45,42,32,51,14,25,1
3,2,6,97,38.65,18,33,46,55,47,21,14,15
12,8,9,69,39.25,37,52,34,14,25,47,36,5
12,2,6,112,38.65,42,45,17,32,35,44,47,1
4,2,9,103,38.65,39,37,14,34,36,44,48,5
4,8,6,18,39.25,26,55,46,18,14,38,41,15
4,8,6,46,39.25,17,45,42,32,50,35,38,1
12,8,6,69,39.25,32,20,36,30,38,14,29,7
4,2,6,66,38.65,17,45,42,32,54,47,31,1
4,8,9,112,39.25,27,39,23,32,51,22,41,11
12,8,6,30,39.25,53,16,40,32,28,33,28,10
3,2,6,50,38.65,54,31,14,34,48,51,35,0
12,2,6,4,38.65,36,32,30,20,51,47,14,7
12,2,6,46,38.65,37,34,51,39,54,47,37,5
12,8,6,13,39.25,19,54,49,14,22,43,33,0
4,8,6,97,39.25,32,17,45,42,33,47,48,1
3,8,9,33,39.25,26,55,46,18,41,48,29,15
4,8,9,104,39.25,52,34,39,37,14,44,28,5
3,8,9,68,39.25,27,39,23,32,36,14,14,11
3,2,6,76,38.65,32,30,36,20,35,51,54,7
12,8,6,46,39.25,39,14,52,37,14,43,24,5
4,8,9,25,39.25,55,18,46,26,29,14,44,15
12,2,9,12,38.65,49,41,34,54,21,14,29,0
12,2,9,8,38.65,20,36,30,32,14,35,25,7
3,2,9,95,38.65,23,32,39,27,24,37,33,11
12,2,6,24,38.65,42,17,32,45,48,22,41,1
12,2,6,1,38.65,17,45,42,32,14,37,51,1
12,2,6,28,38.65,54,32,55,18,38,29,14,13
3,2,6,106,38.65,17,45,42,32,14,14,43,1
4,8,6,93,39.25,16,53,32,40,14,33,24,10
4,2,9,89,38.65,49,19,34,54,14,44,33,0
4,8,6,73,39.25,36,20,30,32,14,33,33,7
3,8,6,77,39.25,34,52,37,39,54,14,36,5
12,8,6,50,39.25,17,42,32,45,44,28,48,1
4,8,6,110,39.25,34,52,37,39,14,25,48,5
4,2,6,1,38.65,17,45,42,32,14,22,41,1
12,2,9,16,38.65,49,19,34,54,54,24,37,0
4,2,9,93,38.65,46,18,55,26,14,48,35,15
12,8,6,75,39.25,32,20,36,33,31,44,31,7
3,8,6,90,39.25,39,27,32,23,14,37,37,11
12,2,6,113,38.65,17,45,42,32,14,14,41,1
3,8,6,10,39.25,17,22,45,32,24,21,47,1
12,8,6,9,39.25,23,32,27,39,43,37,54,11
3,2,6,85,38.65,52,34,37,39,38,31,31,5
3,2,6,20,38.65,26,46,55,18,14,41,47,15
12,8,9,116,39.25,34,52,37,39,50,24,14,5
12,2,6,58,38.65,49,19,34,54,14,22,37,0
3,2,6,120,38.65,17,45,42,32,35,25,47,1
3,8,9,82,39.25,49,19,34,54,14,14,24,0
12,8,6,31,39.25,53,16,40,32,22,24,51,10
12,8,6,15,39.25,32,42,17,45,47,14,14,1
12,2,6,28,38.65,32,45,42,17,14,14,25,1
3,8,6,70,39.25,23,14,32,39,33,25,51,11
4,2,9,74,38.65,23,39,32,27,38,50,54,11
12,8,6,13,39.25,32,30,20,36,22,50,14,7
4,2,6,38,38.65,26,55,46,18,43,48,41,15
12,2,6,90,38.65,32,36,30,20,36,36,43,7
4,8,6,43,39.25,36,32,30,20,14,41,14,7
4,8,6,30,39.25,30,32,20,36,22,43,14,7
3,8,9,97,39.25,20,36,32,30,14,24,37,7
4,2,9,16,38.65,23,32,27,39,31,31,48,11
3,2,9,115,38.65,18,55,32,54,44,14,43,13
12,8,9,86,39.25,32,14,20,14,33,29,54,7
3,8,9,4,39.25,18,32,54,55,14,31,14,13
4,2,6,51,38.65,49,19,34,54,22,47,14,0
4,2,9,4,38.65,20,14,36,32,14,44,14,7
4,2,9,21,38.65,32,36,20,30,14,28,14,7
12,8,6,100,39.25,42,45,14,32,43,28,14,1
3,2,6,32,38.65,22,32,42,45,22,50,38,1
4,2,9,46,38.65,39,14,52,34,54,51,36,5
4,8,9,33,39.25,46,55,26,18,36,14,48,15
4,2,9,68,38.65,32,27,23,39,28,38,51,11
4,2,6,43,38.65,34,52,37,39,50,36,47,5
12,2,6,13,38.65,34,39,52,37,50,22,14,5
3,2,9,16,38.65,37,39,52,34,50,22,43,5
3,2,9,27,38.65,38,37,31,34,37,54,31,5
12,2,6,92,38.65,26,14,55,46,28,48,14,15
12,8,9,100,39.25,32,30,20,36,21,28,24,7
12,8,6,18,39.25,23,32,14,39,14,48,29,11
12,2,9,90,38.65,23,39,27,32,37,44,50,11
4,2,9,80,38.65,26,55,46,18,43,14,14,15
4,2,9,81,38.65,34,19,49,54,44,24,36,0
3,2,6,67,38.65,45,42,32,17,35,24,14,1
3,2,6,45,38.65,53,16,40,32,54,36,51,10
12,8,9,29,39.25,39,27,32,23,36,22,41,11
4,2,6,23,38.65,53,28,40,32,24,14,38,10
4,8,9,7,39.25,52,34,39,37,33,48,24,5
4,2,9,37,38.65,23,39,32,27,33,24,33,11
3,8,6,44,39.25,23,39,32,27,14,14,54,11
3,8,6,96,39.25,32,40,53,16,51,50,33,10
12,8,9,58,39.25,34,52,36,39,14,14,28,5
12,8,6,69,39.25,18,55,46,26,51,37,14,15
4,2,6,31,38.65,32,55,54,18,31,14,35,13
12,8,6,12,39.25,45,14,17,42,38,31,14,1
4,2,6,34,38.65,32,20,36,30,38,24,29,7
12,2,9,23,38.65,18,55,14,54,31,14,14,13
4,2,6,45,38.65,17,45,42,32,35,41,48,1
4,2,6,63,38.65,53,16,40,32,14,14,14,10
12,2,9,65,38.65,32,20,14,30,36,14,21,7
4,8,6,45,39.25,54,34,49,19,14,41,54,0
12,2,9,7,38.65,34,52,37,39,14,36,14,5
3,2,6,69,38.65,49,34,19,54,21,35,54,0
4,8,6,58,39.25,53,14,40,32,14,14,25,10
4,2,6,24,38.65,36,32,20,14,22,54,38,7
4,2,9,114,38.65,32,20,36,30,44,29,14,7
4,2,6,33,38.65,17,42,45,32,54,54,51,1
3,8,6,7,39.25,26,55,46,48,14,51,14,15
3,8,9,43,39.25,23,39,32,27,41,37,36,11
4,8,6,71,39.25,36,32,54,30,51,14,54,7
3,8,6,44,39.25,46,26,18,55,44,38,25,15
12,8,6,6,39.25,23,32,14,39,24,28,14,11
12,8,6,78,39.25,17,42,32,45,37,21,25,1
4,8,9,2,39.25,27,23,39,32,14,38,14,11
4,8,6,101,39.25,37,39,52,34,29,41,14,5
3,2,6,88,38.65,52,14,34,37,35,36,51,5
4,8,9,93,39.25,27,23,14,32,35,22,50,11
12,2,6,82,38.65,53,16,40,14,43,14,51,10
12,2,6,7,38.65,18,46,14,26,43,28,33,15
4,2,6,68,38.65,34,52,37,39,35,31,31,5
12,2,6,21,38.65,17,45,42,32,43,48,36,1
3,8,9,28,39.25,39,37,52,34,50,14,24,5
3,2,9,54,38.65,23,32,27,39,47,47,14,11
3,8,9,50,39.25,18,32,55,54,31,54,41,13
3,8,6,62,39.25,17,45,42,32,33,22,38,1
12,2,9,89,38.65,49,19,34,54,51,21,37,0
3,8,9,14,39.25,52,34,37,39,14,24,44,5
12,2,6,16,38.65,18,26,55,38,22,51,31,15
3,2,9,101,38.65,46,55,14,18,25,43,35,15
12,8,6,44,39.25,40,16,53,32,48,31,29,10
4,8,6,73,39.25,53,16,40,32,24,14,35,10
12,8,6,1,39.25,46,55,18,26,48,35,14,15
4,2,9,111,38.65,18,55,32,54,22,14,21,13
12,8,9,80,39.25,55,18,46,26,50,48,37,15
3,8,6,31,39.25,32,20,14,36,35,14,21,7
4,8,9,89,39.25,26,31,46,14,14,31,44,15
12,2,6,23,38.65,32,16,53,40,44,54,38,10
12,8,6,94,39.25,40,16,32,53,22,25,14,10
12,2,9,71,38.65,32,20,36,30,14,44,14,7
12,2,9,60,38.65,32,20,36,30,28,14,29,7
12,8,6,30,39.25,34,52,37,39,37,51,50,5
4,2,9,44,38.65,26,18,55,46,31,36,33,15
3,2,6,103,38.65,17,45,42,32,14,14,38,1
4,8,6,30,39.25,32,20,36,30,37,38,36,7
4,2,6,47,38.65,17,45,42,32,29,22,51,1
3,2,6,97,38.65,26,14,46,18,14,14,35,15
3,2,6,13,38.65,32,20,36,30,14,35,14,7
3,2,6,47,38.65,45,17,32,42,14,43,54,1
3,2,6,43,38.65,49,19,34,54,25,31,33,0
3,2,9,68,38.65,32,30,36,20,36,29,38,7
3,8,6,85,39.25,40,53,16,32,50,25,50,10
12,2,9,20,38.65,26,55,46,18,14,29,36,15
12,2,6,68,38.65,36,20,30,54,41,25,21,7
4,8,9,86,39.25,23,27,32,39,31,43,50,11
3,8,6,31,39.25,23,14,32,27,38,14,47,11
12,8,6,39,39.25,23,39,32,27,48,25,36,11
12,2,9,86,38.65,55,46,26,18,33,54,24,15
3,2,6,56,38.65,26,14,46,18,50,14,36,15
3,2,9,40,38.65,27,32,14,39,14,50,51,11
4,8,6,1,39.25,17,35,42,32,14,25,37,1
12,8,6,103,39.25,54,49,34,19,25,54,35,0
12,2,9,90,38.65,23,39,32,27,22,14,54,11
3,2,6,34,38.65,53,16,40,32,37,50,50,10
4,2,6,38,38.65,23,39,32,27,14,14,51,11
4,8,6,99,39.25,27,32,39,23,35,14,36,11
3,2,6,97,38.65,18,28,55,54,36,48,44,13
12,8,6,20,39.25,54,49,19,44,43,25,33,0
4,2,6,93,38.65,17,45,42,32,51,24,14,1
4,8,6,19,39.25,55,26,18,14,29,51,14,15
3,2,6,110,38.65,46,55,18,26,21,44,14,15
4,2,6,93,38.65,18,54,55,32,14,14,48,13
4,2,6,31,38.65,35,52,34,39,44,14,33,5
12,2,6,114,38.65,18,55,32,38,44,25,14,13
12,8,9,82,39.25,23,39,32,27,14,21,35,11
4,2,6,61,38.65,17,45,42,32,24,38,41,1
3,8,6,50,39.25,53,16,40,32,51,37,48,10
12,2,6,10,38.65,32,20,30,36,29,25,36,7
4,2,6,106,38.65,32,30,20,47,28,35,14,7
3,2,9,89,38.65,27,32,39,23,35,47,36,11
3,2,9,16,38.65,18,32,54,55,14,43,35,13
4,2,9,107,38.65,26,55,14,18,51,38,29,15
4,8,6,26,39.25,34,39,52,37,14,50,37,5
4,2,6,29,38.65,52,34,39,37,14,14,43,5
12,2,9,6,38.65,26,55,46,18,44,21,21,15
12,2,9,49,38.65,32,20,36,30,14,25,31,7
12,8,6,66,39.25,32,17,45,42,38,54,43,1
4,2,6,52,38.65,54,34,49,19,24,37,14,0
3,2,9,45,38.65,26,18,46,55,43,43,29,15
12,8,6,20,39.25,16,14,32,53,43,37,41,10
3,8,6,65,39.25,23,32,39,22,48,14,36,11
3,2,6,45,38.65,34,54,49,19,28,25,54,0
12,2,6,60,38.65,32,20,36,30,25,48,48,7
3,8,9,9,39.25,52,39,34,14,22,44,36,5
12,8,9,9,39.25,36,30,32,20,41,51,14,7
3,8,6,55,39.25,32,20,36,30,47,41,44,7
3,8,6,94,39.25,53,16,40,32,24,14,31,10
3,8,6,41,39.25,17,45,42,32,48,35,43,1
3,2,6,62,38.65,26,46,55,18,33,31,47,15
12,2,6,95,38.65,53,40,32,16,14,54,43,10
12,8,6,33,39.25,16,40,53,32,24,43,35,10
4,8,6,86,39.25,17,45,42,32,21,51,24,1
3,2,9,39,38.65,26,55,46,18,14,31,28,15
12,2,6,61,38.65,37,39,52,34,44,14,33,5
12,2,6,18,38.65,34,52,37,39,54,44,43,5
12,8,9,74,39.25,25,39,34,52,41,14,44,5
4,2,9,4,38.65,23,39,32,27,25,14,14,11
4,2,6,106,38.65,39,23,27,32,14,41,14,11
12,8,6,68,39.25,32,20,36,30,36,29,41,7
4,2,6,110,38.65,36,20,30,32,14,43,25,7
3,2,6,34,38.65,49,19,34,54,35,25,14,0
4,8,9,95,39.25,34,37,39,52,14,47,31,5
3,8,6,29,39.25,19,54,49,34,44,50,14,0
3,2,9,81,38.65,23,39,32,27,14,54,22,11
4,8,6,84,39.25,18,55,32,54,28,48,33,13
3,2,9,103,38.65,18,46,26,55,33,14,35,15
3,2,6,65,38.65,53,16,40,32,43,44,44,10
4,8,9,95,39.25,26,18,46,55,48,21,14,15
3,2,6,64,38.65,52,34,37,39,14,48,44,5
3,2,9,49,38.65,54,49,14,19,21,28,14,0
3,8,9,7,39.25,23,39,32,27,14,38,47,11
12,8,6,78,39.25,46,25,55,26,38,14,21,15
4,2,9,104,38.65,23,39,32,27,36,25,21,11
3,2,6,33,38.65,23,14,32,27,33,28,48,11
4,8,9,58,39.25,34,39,52,37,14,54,47,5
4,8,6,33,39.25,49,19,34,54,21,50,14,0
3,8,6,92,39.25,19,54,49,34,35,37,21,0
4,2,9,56,38.65,26,18,46,55,14,14,44,15
12,2,9,4,38.65,55,14,26,18,54,25,25,15
3,2,6,48,38.65,32,36,20,30,31,35,50,7
4,8,6,90,39.25,34,14,37,39,48,47,21,5
12,8,6,84,39.25,32,42,17,45,41,44,14,1
4,2,6,15,38.65,53,16,40,32,35,51,24,10
12,2,6,115,38.65,55,18,32,54,29,14,14,13
3,2,6,64,38.65,31,32,36,30,14,14,14,7
4,2,9,41,38.65,18,54,32,55,41,14,31,13
4,2,6,44,38.65,39,14,23,32,51,29,43,11
3,8,6,87,39.25,54,34,19,49,25,14,47,0
4,2,6,112,38.65,49,19,34,54,38,37,50,0
12,8,9,110,39.25,26,55,24,18,35,50,14,15
4,2,9,120,38.65,23,39,32,27,44,47,22,11
4,8,6,79,39.25,34,36,37,39,44,14,36,5
12,2,6,56,38.65,53,16,40,32,41,14,21,10
4,8,6,32,39.25,34,52,37,39,48,14,43,5
4,8,6,69,39.25,34,52,39,37,38,14,41,5
3,2,9,8,38.65,23,39,32,27,50,44,14,11
12,8,6,18,39.25,45,32,17,42,43,14,37,1
4,2,6,96,38.65,39,27,23,41,14,14,36,11
4,8,6,97,39.25,26,55,46,18,14,28,25,15
12,8,9,19,39.25,32,20,36,30,14,22,21,7
4,8,6,31,39.25,32,20,36,30,14,35,43,7
12,2,9,58,38.65,46,26,18,55,14,41,43,15
12,8,9,77,39.25,39,37,52,34,50,37,31,5
12,2,9,69,38.65,36,30,32,20,14,29,25,7
12,2,9,99,38.65,49,19,34,54,38,41,36,0
3,2,6,105,38.65,53,40,32,16,51,14,22,10
3,8,6,32,39.25,16,40,53,32,28,28,14,10
4,2,9,59,38.65,32,20,36,30,43,50,37,7
4,2,9,15,38.65,34,52,37,39,22,29,14,5
12,2,9,107,38.65,35,34,54,19,43,50,36,0
3,8,6,56,39.25,32,23,27,39,33,44,14,11
4,8,9,16,39.25,23,39,32,27,14,33,14,11
3,8,6,97,39.25,26,55,46,18,21,14,28,15
3,2,6,98,38.65,32,14,14,17,24,14,14,1
3,8,6,21,39.25,32,20,36,30,22,37,33,7
3,2,6,27,38.65,53,16,40,32,25,21,47,10
3,2,6,39,38.65,54,18,55,32,22,51,38,13
12,2,6,114,38.65,42,45,17,32,28,43,14,1
3,8,9,46,39.25,18,55,32,54,38,25,37,13
4,8,6,52,39.25,26,55,46,18,44,54,14,15
4,8,9,113,39.25,18,55,50,46,35,50,43,15
12,8,6,23,39.25,23,39,32,27,37,54,14,11
4,8,6,79,39.25,37,34,52,39,28,29,22,5
12,8,6,29,39.25,32,42,17,45,47,48,35,1
12,8,9,58,39.25,34,41,37,39,54,24,21,5
4,2,6,1,38.65,32,20,36,30,25,36,24,7
3,8,9,108,39.25,37,52,34,39,14,50,54,5
12,2,6,75,38.65,17,45,42,32,24,41,31,1
4,8,6,45,39.25,17,45,42,32,47,25,14,1
3,2,6,51,38.65,53,16,40,32,47,22,14,10
3,2,6,56,38.65,17,45,14,32,14,14,14,1
4,2,6,121,38.65,32,53,40,16,14,25,14,10
12,2,9,29,38.65,49,19,34,54,47,41,14,0
12,2,6,64,38.65,23,39,32,27,35,29,38,11
3,2,6,81,38.65,45,32,42,17,35,14,47,1
12,8,6,65,39.25,17,45,42,32,43,51,31,1
3,2,9,102,38.65,23,39,33,27,51,25,54,11
12,2,6,109,38.65,17,45,36,32,43,51,22,1
12,2,6,64,38.65,21,45,42,32,48,22,14,1
12,8,9,23,39.25,37,34,39,52,41,22,36,5
12,8,9,79,39.25,46,18,55,26,14,21,48,15
4,2,6,100,38.65,42,45,17,51,14,51,43,1
4,2,9,91,38.65,49,19,34,54,14,14,14,0
4,8,6,102,39.25,17,45,42,32,43,54,41,1
4,8,9,76,39.25,39,32,23,27,35,44,36,11
12,2,6,48,38.65,26,55,46,18,14,33,50,15
4,8,9,84,39.25,34,49,54,19,51,51,54,0
3,8,6,61,39.25,32,20,47,30,21,47,33,7
3,8,6,40,39.25,54,32,14,55,14,14,37,13
4,2,9,15,38.65,39,14,34,37,31,44,24,5
3,8,9,37,39.25,55,18,32,54,47,36,31,13
3,2,6,10,38.65,53,16,14,32,37,44,47,10
12,8,6,34,39.25,55,32,18,38,54,14,14,13
4,8,9,59,39.25,32,20,36,30,25,14,28,7
12,2,9,60,38.65,52,37,54,34,25,50,43,5
3,8,6,67,39.25,26,55,46,14,25,33,29,15
12,8,6,1,39.25,36,30,32,20,41,22,54,7
12,8,6,80,39.25,26,55,46,18,25,14,38,15
4,2,6,80,38.65,53,16,40,32,44,21,47,10
4,2,6,93,38.65,32,27,23,39,28,28,22,11
12,2,6,29,38.65,53,16,40,32,50,48,51,10
12,2,6,94,38.65,17,45,42,14,14,54,14,1
12,8,6,71,39.25,39,34,37,52,14,14,43,5
4,2,9,21,38.65,36,20,32,30,48,14,43,7
12,2,6,16,38.65,32,23,27,39,14,14,51,11
4,2,9,84,38.65,32,39,27,14,47,28,36,11
3,2,6,7,38.65,26,55,46,18,25,47,37,15
4,8,6,57,39.25,32,20,36,30,28,31,14,7
3,8,6,46,39.25,53,16,40,32,14,14,14,10
3,2,6,93,38.65,34,52,37,39,14,25,35,5
4,2,6,32,38.65,37,52,34,39,51,22,35,5
12,2,6,45,38.65,32,39,14,27,35,33,36,11
3,2,9,97,38.65,34,52,37,39,14,28,51,5
4,2,6,24,38.65,45,48,32,42,14,41,31,1
12,2,6,40,38.65,52,34,39,37,22,51,38,5
4,2,6,94,38.65,54,32,14,18,47,33,50,13
4,2,9,74,38.65,34,52,37,39,44,31,28,5
4,8,9,34,39.25,55,26,14,18,43,38,14,15
12,8,6,27,39.25,40,32,16,53,41,47,33,10
4,8,9,5,39.25,26,55,46,18,48,51,29,15
3,8,6,37,39.25,26,55,46,18,14,54,37,15
4,8,9,97,39.25,20,30,36,32,14,14,14,7
3,2,6,99,38.65,20,14,36,32,47,50,48,7
3,8,9,28,39.25,34,39,52,14,48,47,50,5
4,2,6,107,38.65,27,32,23,39,29,48,29,11
3,2,6,22,38.65,20,32,30,36,54,14,48,7
3,2,6,49,38.65,17,14,42,32,14,47,14,1
4,2,9,83,38.65,36,49,54,34,14,48,28,0
4,8,9,85,39.25,18,55,32,54,21,44,14,13
4,2,6,97,38.65,55,18,46,26,35,31,38,15
3,2,9,98,38.65,49,54,34,19,50,47,35,0
12,8,9,27,39.25,23,32,27,39,37,48,43,11
4,2,6,108,38.65,40,53,14,32,28,21,50,10
4,2,9,87,38.65,34,52,37,39,43,14,24,5
4,2,9,69,38.65,32,20,36,30,21,14,51,7
12,8,9,29,39.25,26,55,46,18,14,31,28,15
12,8,9,41,39.25,46,26,55,18,37,43,29,15
12,8,6,101,39.25,32,53,16,40,21,24,22,10
3,2,6,72,38.65,31,34,37,39,14,48,50,5
3,2,9,43,38.65,32,20,36,29,24,14,14,7
12,8,9,119,39.25,39,27,23,32,14,14,14,11
12,2,6,105,38.65,53,16,40,32,21,36,38,10
3,2,6,55,38.65,49,19,54,34,41,14,38,0
12,2,6,96,38.65,32,42,45,17,44,22,33,1
4,8,6,82,39.25,34,39,37,52,44,14,28,5
4,2,6,18,38.65,34,39,37,52,44,14,43,5
3,2,6,50,38.65,34,52,37,39,22,35,35,5
12,8,6,106,39.25,23,39,32,27,14,41,28,11
4,2,9,113,38.65,34,52,37,39,24,31,29,5
4,2,9,83,38.65,27,39,32,23,14,33,37,11
12,8,6,51,39.25,32,16,53,40,48,50,14,10
3,8,6,112,39.25,39,23,27,32,47,25,22,11
4,2,6,50,38.65,34,52,37,39,41,51,14,5
3,8,6,119,39.25,23,39,32,27,37,14,14,11
3,8,6,107,39.25,17,45,42,32,28,14,36,1
3,2,6,76,38.65,18,21,32,55,47,47,25,13
12,2,6,83,38.65,32,20,36,30,21,24,48,7
3,8,6,85,39.25,32,20,36,30,35,36,14,7
4,8,6,37,39.25,49,19,34,54,41,28,35,0
12,8,6,26,39.25,34,52,37,14,33,14,50,5
3,2,6,105,38.65,26,55,46,18,24,14,14,15
12,8,6,63,39.25,53,32,16,40,14,37,43,10
3,8,6,33,39.25,17,14,42,32,24,51,43,1
3,8,9,85,39.25,32,23,27,39,51,38,14,11
12,2,9,92,38.65,18,55,54,32,43,38,31,13
12,8,6,1,39.25,20,30,36,32,43,28,14,7
3,2,6,32,38.65,46,55,26,18,14,31,43,15
4,2,6,33,38.65,36,30,20,32,14,24,21,7
3,8,6,100,39.25,26,55,46,18,54,28,14,15
3,2,6,60,38.65,55,18,32,54,14,22,14,13
3,8,9,111,39.25,34,37,39,52,37,47,44,5
3,2,6,106,38.65,32,36,30,20,41,35,43,7
12,2,6,121,38.65,34,52,37,39,48,36,50,5
12,8,9,48,39.25,49,19,34,54,22,14,24,0
12,2,6,61,38.65,49,19,34,54,25,21,31,0
4,8,9,36,39.25,26,55,46,18,50,29,47,15
12,8,6,92,39.25,36,20,32,14,14,50,14,7
12,8,9,116,39.25,32,39,27,23,37,51,48,11
3,2,6,7,38.65,53,16,40,14,43,31,14,10
12,8,9,63,39.25,32,20,36,30,37,24,51,7
3,8,6,92,39.25,23,39,32,27,29,36,14,11
3,2,9,7,38.65,18,54,32,55,44,29,21,13
4,8,9,5,39.25,37,34,52,39,47,14,51,5
4,2,6,44,38.65,53,16,40,32,14,14,35,10
3,2,6,41,38.65,45,32,42,17,14,14,50,1
4,8,6,59,39.25,32,55,18,54,31,48,21,13
3,2,9,102,38.65,32,36,20,30,41,43,51,7
4,2,6,86,38.65,19,34,49,54,22,14,31,0
12,8,6,68,39.25,53,16,40,32,51,14,28,10
12,8,9,115,39.25,37,52,39,34,35,25,38,5
3,2,6,79,38.65,32,20,36,30,35,14,14,7
12,2,9,29,38.65,23,39,32,27,41,21,44,11
12,2,6,56,38.65,17,45,42,32,14,37,28,1
12,2,6,35,38.65,34,52,37,39,54,44,24,5
3,8,6,61,39.25,30,36,32,20,25,14,14,7
4,2,6,87,38.65,17,45,42,32,35,38,14,1
4,2,6,99,38.65,45,28,32,42,24,38,22,1
12,8,6,120,39.25,42,32,17,45,37,31,47,1
3,8,6,7,39.25,19,54,49,34,54,31,14,0
3,8,6,105,39.25,32,20,36,30,47,47,14,7
4,2,6,78,38.65,30,20,36,14,33,54,21,7
4,8,6,78,39.25,37,39,34,52,31,14,31,5
3,2,9,40,38.65,32,20,36,30,14,14,29,7
3,2,6,49,38.65,32,14,27,23,14,31,14,11
4,8,6,100,39.25,53,25,40,32,28,14,29,10
12,8,6,90,39.25,49,54,34,19,25,14,50,0
4,8,6,80,39.25,40,32,53,16,14,28,14,10
12,8,6,63,39.25,16,40,32,53,29,33,29,10
3,8,6,26,39.25,17,45,42,32,14,33,47,1
12,2,6,101,38.65,23,27,39,14,25,22,35,11
3,8,6,59,39.25,17,45,42,32,33,54,14,1
12,8,6,72,39.25,53,16,40,32,21,33,44,10
12,2,6,108,38.65,34,49,19,54,35,14,14,0
4,2,6,74,38.65,40,14,53,16,14,31,48,10
3,2,6,54,38.65,17,44,32,45,28,28,51,1
4,2,9,67,38.65,54,55,32,18,35,14,47,13
12,8,6,86,39.25,32,17,14,45,43,43,14,1
4,8,9,55,39.25,39,23,32,27,48,25,47,11
3,8,6,60,39.25,26,55,46,18,14,14,14,15
4,2,9,43,38.65,34,49,54,19,54,41,36,0
4,2,6,83,38.65,17,45,28,32,51,35,37,1
3,8,6,10,39.25,34,52,37,31,47,14,21,5
3,2,9,39,38.65,19,49,54,34,54,21,14,0
3,8,6,78,39.25,46,18,26,55,50,48,44,15
3,2,6,97,38.65,32,55,18,54,14,36,37,13
3,8,6,3,39.25,49,14,34,54,33,44,44,0
3,2,6,109,38.65,41,42,17,32,29,54,35,1
3,8,6,97,39.25,17,45,42,32,14,14,44,1
3,8,6,18,39.25,32,20,36,30,41,14,33,7
12,8,6,69,39.25,36,30,20,32,35,37,41,7
3,2,6,16,38.65,18,55,48,54,28,24,33,13
12,2,6,111,38.65,36,14,32,20,54,21,41,7
4,2,6,78,38.65,45,32,42,17,14,25,33,1
4,2,6,22,38.65,34,52,37,39,41,29,54,5
12,2,6,28,38.65,17,32,14,42,54,28,14,1
4,2,9,49,38.65,23,39,32,27,35,51,51,11
3,8,6,1,39.25,47,32,36,20,48,36,47,7
12,8,6,9,39.25,45,32,17,42,33,14,50,1
4,2,6,1,38.65,39,34,37,52,54,14,41,5
12,8,9,107,39.25,23,39,32,27,44,14,36,11
3,2,6,81,38.65,17,45,32,42,29,24,14,1
4,8,6,52,39.25,32,36,20,30,54,14,14,7
12,8,6,86,39.25,23,39,32,27,38,51,24,11
3,2,6,111,38.65,32,20,14,30,22,44,48,7
12,2,9,4,38.65,55,54,32,18,37,31,38,13
4,8,6,111,39.25,26,14,46,55,43,14,47,15
3,8,6,33,39.25,39,37,34,52,50,14,14,5
4,8,9,117,39.25,49,19,54,34,14,14,43,0
12,8,6,7,39.25,34,54,49,35,14,38,50,0
12,8,9,78,39.25,32,20,36,30,47,47,33,7
3,8,6,115,39.25,39,52,37,34,54,38,33,5
4,2,6,79,38.65,17,45,42,32,43,14,36,1
4,8,6,75,39.25,18,14,55,26,14,51,44,15
3,2,6,45,38.65,49,19,34,54,14,48,51,0
3,2,6,95,38.65,34,52,37,39,36,14,33,5
4,2,6,9,38.65,17,45,42,32,36,24,31,1
12,8,9,12,39.25,49,19,34,54,44,41,14,0
12,2,6,97,38.65,29,55,18,26,48,29,51,15
4,2,6,36,38.65,39,27,23,32,47,47,38,11
12,2,6,30,38.65,26,55,46,51,44,33,33,15
12,8,9,1,39.25,20,36,32,30,54,33,14,7
3,8,6,9,39.25,32,54,55,18,41,38,25,13
12,2,9,16,38.65,34,52,37,39,24,29,50,5
4,8,6,108,39.25,18,46,14,55,21,14,38,15
3,8,6,1,39.25,26,55,46,18,48,41,29,15
3,2,6,110,38.65,32,40,53,16,35,25,51,10
12,8,9,77,39.25,26,18,55,46,50,47,51,15
4,2,6,110,38.65,26,55,46,18,33,36,14,15
3,2,6,99,38.65,18,32,55,54,47,31,22,13
3,8,9,73,39.25,34,49,19,14,14,14,44,0
12,2,9,42,38.65,27,32,39,23,14,33,38,11
12,2,6,117,38.65,39,37,34,52,14,43,28,5
4,8,6,43,39.25,53,16,40,32,33,37,28,10
3,2,9,102,38.65,27,23,32,39,21,25,29,11
12,8,6,62,39.25,26,55,46,18,36,33,50,15
12,8,6,88,39.25,52,39,37,34,14,14,33,5
12,8,6,63,39.25,45,42,17,32,14,14,22,1
4,2,6,83,38.65,17,45,42,32,24,25,41,1
4,2,6,119,38.65,18,55,32,54,35,51,22,13
3,2,6,79,38.65,17,33,45,42,14,36,25,1
3,8,6,18,39.25,17,45,42,32,29,14,14,1
12,2,9,55,38.65,32,20,36,30,14,41,21,7
12,2,6,50,38.65,40,16,53,32,31,36,22,10
4,2,6,39,38.65,17,45,14,32,14,14,14,1
12,8,9,13,39.25,18,55,31,54,43,21,14,13
12,8,6,102,39.25,32,45,50,42,43,41,25,1
3,2,9,113,38.65,27,32,23,39,38,48,22,11
3,2,9,113,38.65,35,54,49,14,14,37,33,0
12,8,6,35,39.25,32,40,16,53,44,14,14,10
12,2,9,44,38.65,34,52,37,39,14,22,51,5
12,8,6,88,39.25,18,46,26,55,47,24,14,15
12,2,6,108,38.65,30,36,32,20,48,44,24,7
3,2,9,60,38.65,26,18,55,46,41,41,44,15
4,8,6,5,39.25,32,20,36,30,48,41,14,7
12,2,9,52,38.65,23,39,32,27,35,31,33,11
3,2,6,110,38.65,32,30,20,36,50,14,33,7
3,8,6,95,39.25,23,27,39,32,35,35,38,11
12,8,6,34,39.25,18,46,55,26,47,29,47,15
4,2,6,113,38.65,41,31,53,16,51,14,21,10
12,2,6,32,38.65,27,14,32,39,43,22,14,11
3,8,6,33,39.25,36,48,32,54,54,47,24,13
3,8,6,86,39.25,32,20,36,30,41,43,14,7
4,2,6,84,38.65,23,39,32,27,51,48,14,11
3,8,6,16,39.25,34,39,52,37,50,28,22,5
4,2,6,103,38.65,38,55,46,18,35,14,31,15
3,2,9,11,38.65,55,18,32,54,14,50,24,13
12,8,6,121,39.25,20,25,30,36,47,14,29,7
3,8,9,29,39.25,18,55,32,54,31,14,14,13
3,2,9,112,38.65,32,20,36,30,22,37,24,7
4,2,6,1,38.65,49,19,34,54,43,38,35,0
12,8,6,1,39.25,53,16,40,32,28,29,14,10
4,2,9,54,38.65,54,19,34,49,51,14,35,0
3,2,6,85,38.65,26,55,46,18,28,35,54,15
3,8,6,122,39.25,17,45,42,32,48,54,14,1
4,2,9,113,38.65,46,18,55,26,37,47,35,15
4,2,6,45,38.65,40,53,32,16,44,24,50,10
12,2,9,85,38.65,49,19,14,54,54,43,35,0
12,2,6,51,38.65,49,19,34,54,48,35,47,0
3,2,6,102,38.65,36,32,30,20,33,24,33,7
12,2,6,126,38.65,53,16,14,32,21,25,28,10
4,2,9,102,38.65,36,30,32,20,51,14,37,7
4,2,6,1,38.65,34,52,37,39,38,38,31,5
3,2,9,8,38.65,26,55,46,18,38,37,50,15
12,8,9,1,39.25,26,55,46,18,44,41,24,15
12,2,9,114,38.65,36,20,32,30,31,24,37,7
4,2,9,31,38.65,23,39,27,32,33,44,41,11
3,2,9,57,38.65,39,32,27,23,36,54,14,11
3,8,6,11,39.25,17,45,42,32,14,36,33,1
4,8,6,23,39.25,52,39,37,34,22,24,54,5
4,8,6,20,39.25,18,55,46,26,36,54,47,15
12,8,9,105,39.25,39,52,37,34,47,50,44,5
4,8,9,63,39.25,23,39,32,27,14,14,14,11
12,8,9,36,39.25,52,39,37,34,35,28,44,5
12,2,9,75,38.65,23,27,32,39,36,14,22,11
3,2,6,95,38.65,32,30,20,36,47,24,14,7
4,2,9,79,38.65,49,19,34,54,50,44,50,0
12,2,6,76,38.65,23,39,32,27,24,48,28,11
4,8,6,68,39.25,46,26,55,18,47,28,36,15
4,8,6,11,39.25,17,45,42,32,21,37,21,1
4,2,9,91,38.65,54,55,32,18,54,21,14,13
3,8,6,107,39.25,36,30,20,32,43,14,14,7
12,2,6,56,38.65,49,19,34,54,33,14,28,0
12,8,6,57,39.25,53,16,40,32,31,33,22,10
3,2,6,83,38.65,53,16,40,32,24,14,22,10
4,8,6,53,39.25,32,20,36,30,33,38,28,7
4,8,6,73,39.25,17,42,32,45,50,22,48,1
12,8,6,23,39.25,26,18,46,55,31,54,28,15
3,2,9,92,38.65,55,26,46,14,38,14,43,15
12,2,9,44,38.65,32,39,27,23,44,54,54,11
3,2,6,91,38.65,55,26,46,18,14,37,14,15
4,2,9,64,38.65,26,55,18,38,48,31,43,15
12,8,6,38,39.25,40,32,53,16,41,38,50,10
12,8,6,103,39.25,17,45,42,32,21,14,14,1
12,2,6,44,38.65,18,46,26,37,48,47,54,15
4,8,6,100,39.25,17,14,44,32,47,22,33,1
12,8,9,6,39.25,26,55,46,18,28,43,14,15
4,2,9,25,38.65,36,20,32,30,36,37,29,7
12,2,6,6,38.65,32,53,40,16,43,47,14,10
3,8,9,96,39.25,39,34,37,52,36,14,14,5
12,2,6,122,38.65,26,55,35,18,24,29,14,15
3,8,9,68,39.25,19,49,34,54,36,50,14,0
3,8,9,30,39.25,32,20,36,30,38,14,24,7
3,2,9,106,38.65,34,52,37,39,51,36,14,5
3,8,9,63,39.25,34,52,37,39,14,22,35,5
3,2,6,104,38.65,20,32,36,30,21,50,14,7
12,8,6,23,39.25,23,39,32,27,14,14,36,11
3,2,6,112,38.65,49,19,34,54,14,29,37,0
12,8,6,13,39.25,18,55,32,54,24,38,22,13
3,8,9,89,39.25,23,14,32,27,24,33,47,11
3,2,6,94,38.65,35,16,40,32,38,14,14,10
3,2,9,22,38.65,26,47,14,18,43,48,54,15
12,8,6,16,39.25,32,20,36,30,41,24,50,7
4,2,9,90,38.65,23,39,32,27,29,47,14,11
12,8,9,96,39.25,27,39,23,32,44,33,43,11
3,8,6,74,39.25,17,45,14,32,38,37,33,1
12,2,6,86,38.65,17,45,42,32,24,21,37,1
12,2,6,16,38.65,46,55,26,35,31,31,50,15
4,8,6,99,39.25,17,45,42,32,29,33,28,1
12,8,9,62,39.25,46,26,55,44,14,50,36,15
4,8,6,111,39.25,32,18,54,55,14,36,14,13
4,8,9,35,39.25,32,54,55,18,25,43,28,13
4,2,6,94,38.65,20,32,36,30,14,14,33,7
3,8,6,27,39.25,32,27,23,39,21,37,47,11
4,8,9,117,39.25,26,55,14,18,14,14,14,15
4,8,6,33,39.25,27,39,23,32,41,47,41,11
12,2,9,107,38.65,24,37,50,34,25,44,14,5
12,8,9,105,39.25,27,23,32,39,47,22,33,11
4,2,6,50,38.65,18,55,32,54,14,14,43,13
12,2,6,1,38.65,39,32,14,27,31,21,14,11
12,8,6,32,39.25,17,45,42,32,14,48,14,1
3,8,6,35,39.25,46,26,55,18,28,21,37,15
12,8,6,98,39.25,23,39,32,27,50,29,14,11
4,8,6,40,39.25,54,18,32,55,36,48,21,13
3,2,6,33,38.65,23,32,27,39,21,14,35,11
12,8,6,78,39.25,32,39,23,27,14,35,31,11
12,8,6,103,39.25,26,55,46,18,14,28,41,15
3,8,6,105,39.25,49,14,34,54,43,50,14,0
4,2,6,3,38.65,16,40,32,53,43,24,41,10
3,2,9,10,38.65,55,46,18,26,44,37,14,15
4,8,9,1,39.25,34,39,52,37,29,14,28,5
12,8,9,62,39.25,39,23,27,32,14,14,14,11
12,8,6,100,39.25,23,39,32,27,31,50,33,11
3,8,9,68,39.25,34,29,37,39,47,36,41,5
4,2,9,31,38.65,39,37,34,52,14,37,25,5
12,2,9,90,38.65,39,34,37,52,14,25,22,5
4,2,9,18,38.65,23,39,32,27,14,38,43,11
4,8,6,38,39.25,39,52,14,34,38,24,14,5
4,8,6,104,39.25,34,52,37,14,33,22,14,5
3,2,6,119,38.65,32,54,55,18,14,14,25,13
3,8,9,113,39.25,18,55,26,46,14,35,25,15
3,2,6,104,38.65,17,45,42,32,24,35,14,1
4,2,9,95,38.65,23,39,32,27,29,51,38,11
4,2,6,23,38.65,27,23,39,32,35,22,54,11
3,2,9,106,38.65,18,55,26,46,54,54,14,15
3,2,6,59,38.65,36,32,20,30,29,14,14,7
4,8,6,93,39.25,34,52,37,39,51,14,14,5
4,2,6,52,38.65,39,52,37,34,24,14,21,5
3,2,6,90,38.65,32,20,36,30,37,14,35,7
3,8,6,91,39.25,26,55,46,18,14,14,38,15
3,2,6,56,38.65,43,55,46,18,14,47,51,15
4,8,6,87,39.25,45,17,42,32,38,24,50,1
12,2,9,74,38.65,54,55,18,32,51,29,41,13
3,8,9,93,39.25,37,34,14,52,14,43,41,5
3,8,6,73,39.25,26,55,46,18,14,14,14,15
4,8,6,41,39.25,16,14,53,32,47,36,37,10
3,8,9,1,39.25,39,37,52,34,14,51,43,5
12,8,6,106,39.25,32,20,36,30,33,14,47,7
4,2,6,26,38.65,18,55,32,54,14,14,44,13
4,2,6,114,38.65,42,32,14,17,28,47,41,1
3,8,6,78,39.25,27,23,32,39,24,43,33,11
3,8,6,3,39.25,32,42,17,45,14,14,14,1
12,2,9,10,38.65,26,55,46,18,14,14,14,15
12,8,9,36,39.25,46,55,26,18,14,51,36,15
4,2,9,89,38.65,39,52,34,37,38,37,51,5
4,8,6,23,39.25,23,39,32,27,36,51,31,11
4,8,9,82,39.25,38,39,32,27,37,37,24,11
4,2,9,13,38.65,18,55,32,54,14,33,50,13
12,8,6,114,39.25,52,37,39,14,48,51,48,5
4,2,6,41,38.65,53,16,40,32,14,14,14,10
4,8,9,103,39.25,18,55,32,54,29,37,14,13
4,2,9,79,38.65,34,52,21,39,51,25,36,5
4,8,9,54,39.25,20,36,30,14,51,24,36,7
3,2,6,58,38.65,32,42,17,45,36,29,47,1
3,8,6,31,39.25,18,55,32,54,44,25,14,13
4,2,9,71,38.65,23,39,32,27,41,14,47,11
3,8,6,64,39.25,27,39,23,32,54,14,41,11
4,8,9,106,39.25,26,55,46,18,37,14,22,15
3,8,6,68,39.25,52,34,39,37,54,14,29,5
4,8,9,91,39.25,23,39,32,27,41,14,47,11
3,2,9,50,38.65,27,32,23,39,38,24,31,11
4,8,9,80,39.25,52,34,37,39,33,43,38,5
4,8,6,47,39.25,32,28,40,53,14,14,14,10
12,2,9,108,38.65,32,20,36,30,14,37,21,7
3,8,9,74,39.25,23,39,32,27,48,48,44,11
3,2,6,85,38.65,32,20,36,30,41,36,29,7
12,8,6,29,39.25,17,45,42,32,31,14,51,1
12,8,9,38,39.25,36,32,20,30,51,47,14,7
4,2,9,69,38.65,26,55,37,18,14,14,43,15
3,8,6,52,39.25,32,36,20,37,48,38,48,7
4,8,6,113,39.25,34,52,37,39,48,25,21,5
4,2,6,4,38.65,37,39,34,52,28,43,48,5
3,2,6,58,38.65,16,32,40,53,36,21,21,10
12,8,6,62,39.25,52,34,39,37,21,37,22,5
12,2,9,112,38.65,23,39,32,27,48,33,14,11
4,8,9,1,39.25,18,55,46,26,14,14,29,15
4,2,6,87,38.65,32,14,53,40,38,28,38,10
12,8,9,77,39.25,55,26,46,18,14,51,28,15
3,2,6,10,38.65,34,52,37,39,31,35,33,5
4,2,9,63,38.65,26,55,46,18,31,25,14,15
12,2,6,42,38.65,32,20,36,30,35,22,14,7
12,2,6,37,38.65,18,55,32,54,47,29,28,13
12,2,9,66,38.65,34,52,37,39,48,38,14,5
3,8,6,57,39.25,26,55,46,18,54,50,35,15
3,8,9,25,39.25,23,39,32,27,50,22,50,11
12,8,9,38,39.25,23,39,32,27,50,37,37,11
3,2,9,2,38.65,34,52,39,37,37,43,36,5
4,8,6,30,39.25,32,20,36,30,14,33,29,7
4,2,6,103,38.65,17,45,14,32,44,54,14,1
3,8,9,79,39.25,18,55,32,54,50,38,29,13
12,2,9,107,38.65,32,55,18,54,35,54,14,13
12,2,9,41,38.65,30,36,32,20,25,44,14,7
4,2,9,37,38.65,54,18,32,55,14,28,41,13
4,8,6,68,39.25,49,19,34,54,14,54,14,0
12,8,9,13,39.25,18,41,14,54,35,14,14,13
12,2,9,102,38.65,55,26,18,46,24,14,38,15
3,2,9,26,38.65,18,55,32,54,54,51,24,13
4,8,6,56,39.25,35,32,45,17,37,41,29,1
4,2,9,7,38.65,18,55,32,54,14,21,14,13
12,2,6,3,38.65,52,34,37,39,14,48,47,5
4,8,6,74,39.25,53,16,40,32,28,35,14,10
4,2,9,40,38.65,32,18,55,54,43,36,14,13
12,2,6,52,38.65,53,40,32,16,24,28,14,10
3,8,6,6,39.25,37,19,34,54,14,41,14,0
3,2,9,63,38.65,23,39,32,27,14,14,14,11
12,2,9,55,38.65,36,20,30,32,54,21,14,7
3,2,9,11,38.65,18,54,32,55,21,44,14,13
3,2,6,73,38.65,26,55,46,18,25,38,14,15
4,8,6,44,39.25,23,39,32,27,14,24,14,11
4,8,9,81,39.25,26,46,55,18,44,51,44,15
4,8,9,101,39.25,34,52,43,39,22,51,14,5
3,8,6,59,39.25,32,30,36,20,14,36,22,7
3,8,6,109,39.25,17,45,42,32,35,28,14,1
3,2,6,95,38.65,40,53,32,16,43,50,21,10
3,8,9,100,39.25,23,39,32,27,48,29,38,11
4,8,6,101,39.25,17,45,42,32,44,44,33,1
4,2,9,90,38.65,34,52,37,39,21,22,14,5
3,2,6,54,38.65,26,55,46,18,14,29,41,15
3,8,9,67,39.25,26,55,46,18,33,21,44,15
4,8,6,53,39.25,54,34,19,49,54,38,14,0
4,2,6,18,38.65,42,17,32,45,47,31,29,1
12,2,6,80,38.65,23,39,32,27,41,36,37,11
4,2,6,25,38.65,19,34,54,49,54,36,50,0
4,2,6,106,38.65,34,52,37,39,14,51,14,5
3,2,6,111,38.65,17,32,45,14,50,28,14,1
12,8,6,6,39.25,36,32,20,30,44,14,22,7
4,2,9,76,38.65,34,52,37,39,36,31,14,5
4,8,9,20,39.25,34,39,37,52,48,37,14,5
12,2,9,67,38.65,18,55,32,54,36,24,14,13
3,2,9,28,38.65,37,34,52,39,51,31,48,5
3,2,6,10,38.65,34,49,54,19,29,51,31,0
12,8,6,5,39.25,34,52,37,39,48,38,36,5
4,2,9,24,38.65,18,55,32,54,29,37,14,13
12,8,6,120,39.25,54,32,55,18,31,50,14,13
4,2,6,73,38.65,23,27,54,32,14,28,36,11
12,2,6,36,38.65,53,40,32,16,47,35,14,10
12,2,6,117,38.65,23,39,32,27,54,41,54,11
3,2,6,16,38.65,42,32,17,14,28,51,51,1
4,2,6,47,38.65,18,54,55,32,24,24,48,13
4,2,9,15,38.65,26,55,46,18,51,44,29,15
12,2,6,95,38.65,54,32,18,55,28,41,25,13
4,2,6,120,38.65,17,45,42,32,36,14,24,1
4,8,9,89,39.25,20,30,32,36,31,14,29,7
4,2,6,87,38.65,26,55,46,18,14,47,21,15
12,2,9,115,38.65,32,20,36,30,31,29,50,7
12,8,6,6,39.25,53,16,40,38,22,14,14,10
12,8,6,58,39.25,49,54,19,34,37,37,43,0
4,8,9,55,39.25,34,39,37,14,24,36,25,5
3,2,6,46,38.65,45,32,17,42,48,14,50,1
12,2,9,60,38.65,32,18,55,54,25,14,48,13
3,8,6,8,39.25,23,39,32,27,47,14,29,11
4,8,9,24,39.25,26,55,46,18,41,14,38,15
12,2,6,51,38.65,39,37,52,48,33,28,43,5
3,8,9,17,39.25,34,52,37,39,54,14,35,5
3,2,9,29,38.65,34,39,52,37,31,33,14,5
12,8,6,78,39.25,17,45,42,32,25,14,14,1
3,2,6,11,38.65,52,22,37,34,22,54,29,5
3,8,6,9,39.25,37,39,52,34,14,48,51,5
4,2,9,102,38.65,34,52,37,39,14,14,24,5
3,8,6,80,39.25,45,32,17,42,38,36,14,1
4,8,9,27,39.25,52,39,34,37,14,48,14,5
12,8,6,98,39.25,20,30,36,32,14,36,37,7
12,8,6,59,39.25,18,55,32,54,54,54,21,13
3,8,6,56,39.25,53,16,40,32,37,44,31,10
3,8,6,90,39.25,26,55,14,18,44,41,50,15
4,8,6,23,39.25,23,39,27,32,44,43,21,11
12,8,9,74,39.25,32,20,36,30,41,14,22,7
3,8,6,63,39.25,17,45,42,32,28,24,35,1
12,8,9,111,39.25,19,49,54,34,14,31,24,0
4,2,6,85,38.65,23,39,32,27,14,35,43,11
12,2,9,85,38.65,27,23,32,39,14,24,36,11
12,8,9,92,39.25,23,39,32,27,43,38,48,11
12,2,6,88,38.65,17,45,14,32,14,31,14,1
4,8,6,33,39.25,26,55,46,18,37,33,33,15
4,8,6,39,39.25,38,55,32,54,14,14,14,13
4,2,9,57,38.65,20,32,30,36,43,33,47,7
3,8,6,16,39.25,17,45,42,14,37,14,54,1
4,2,6,101,38.65,23,39,32,27,14,14,21,11
12,8,6,100,39.25,26,55,46,14,35,47,43,15
4,8,6,74,39.25,32,39,27,31,14,43,37,11
4,2,6,1,38.65,30,20,32,36,31,24,24,7
3,2,6,23,38.65,34,52,37,39,41,28,37,5
3,8,9,65,39.25,34,19,54,49,25,50,24,0
3,8,9,83,39.25,23,39,32,27,14,41,33,11
12,8,9,60,39.25,54,19,49,34,29,33,14,0
3,8,9,55,39.25,34,52,37,39,41,37,37,5
4,2,9,108,38.65,36,32,20,30,14,35,38,7
12,2,6,57,38.65,17,45,42,32,41,14,38,1
12,8,6,67,39.25,17,45,42,32,54,48,25,1
3,2,6,7,38.65,55,54,18,32,22,25,36,13
3,2,9,82,38.65,34,14,39,37,35,47,31,5
12,8,6,52,39.25,53,16,40,32,28,35,35,10
3,2,6,17,38.65,54,55,18,32,48,47,22,13
4,8,9,52,39.25,32,30,36,20,29,44,54,7
3,2,6,14,38.65,25,45,42,32,14,24,24,1
3,2,6,95,38.65,32,55,54,18,14,47,31,13
4,8,6,26,39.25,34,49,54,19,33,35,29,0
4,8,6,87,39.25,54,49,34,19,29,31,29,0
12,8,9,48,39.25,18,55,32,54,21,54,31,13
4,8,6,29,39.25,42,45,32,17,28,31,14,1
3,2,9,87,38.65,49,19,54,34,31,35,36,0
12,8,6,94,39.25,32,20,36,30,38,14,54,7
4,2,9,93,38.65,27,23,32,39,41,33,37,11
4,8,6,17,39.25,42,17,32,45,21,22,44,1
4,2,9,96,38.65,26,55,46,18,38,38,25,15
3,8,9,105,39.25,18,55,32,54,31,35,14,13
4,8,9,45,39.25,23,39,32,41,44,25,41,11
4,2,9,103,38.65,34,37,52,39,14,29,14,5
12,2,6,104,38.65,42,17,45,32,25,36,48,1
12,8,6,53,39.25,23,14,27,39,33,38,48,11
3,8,6,19,39.25,52,39,37,34,41,24,35,5
12,2,9,90,38.65,49,19,34,54,14,43,33,0
4,2,9,60,38.65,52,39,44,37,25,14,28,5
3,8,6,50,39.25,34,52,37,39,36,36,54,5
4,2,6,22,38.65,18,32,54,55,14,14,37,13
3,8,9,13,39.25,26,55,46,18,35,35,44,15
4,2,6,38,38.65,26,55,18,46,14,14,38,15
3,8,6,23,39.25,30,20,32,36,43,37,14,7
3,8,6,72,39.25,17,45,42,32,38,28,36,1
4,2,6,58,38.65,42,17,32,45,48,22,37,1
4,2,6,15,38.65,32,20,36,30,25,14,36,7
3,8,9,99,39.25,32,20,36,30,14,38,51,7
12,8,9,18,39.25,49,19,14,54,14,38,41,0
4,2,9,83,38.65,38,32,20,30,35,31,14,7
4,8,9,3,39.25,27,39,32,23,54,14,54,11
3,8,9,66,39.25,52,37,39,34,29,25,25,5
12,2,6,42,38.65,32,17,42,45,14,14,14,1
12,8,9,124,39.25,52,37,34,39,54,29,37,5
4,2,6,71,38.65,26,55,18,46,38,44,14,15
3,2,6,37,38.65,34,37,39,52,14,14,29,5
12,2,9,73,38.65,26,55,46,18,33,29,14,15
12,2,6,76,38.65,20,36,32,30,38,51,14,7
12,8,6,46,39.25,17,32,42,45,28,38,43,1
3,2,6,50,38.65,27,35,32,23,35,25,35,11
4,8,9,1,39.25,34,52,37,39,35,51,31,5
4,2,6,23,38.65,34,54,19,14,28,43,31,0
3,2,6,8,38.65,54,14,49,34,36,41,43,0
4,2,9,108,38.65,52,39,34,37,38,43,54,5
12,2,9,94,38.65,39,52,14,37,14,48,47,5
12,8,9,1,39.25,39,52,34,37,50,47,35,5
12,8,9,29,39.25,18,14,28,54,44,14,14,13
4,2,6,54,38.65,32,23,39,27,43,38,50,11
3,8,6,28,39.25,55,32,18,54,54,41,14,13
3,2,6,108,38.65,23,39,32,27,48,14,14,11
3,2,6,81,38.65,45,17,32,42,22,14,43,1
12,2,9,72,38.65,37,52,34,39,43,14,22,5
3,2,6,79,38.65,34,52,37,39,14,38,48,5
3,2,9,1,38.65,32,20,36,30,14,25,35,7
3,8,6,123,39.25,53,16,40,32,14,51,14,10
4,2,6,25,38.65,17,45,42,32,43,50,14,1
3,8,6,69,39.25,32,17,45,42,14,14,29,1
4,2,9,113,38.65,20,36,32,30,28,31,29,7
12,8,9,8,39.25,49,54,34,19,35,54,41,0
3,8,9,101,39.25,34,52,37,39,37,44,43,5
4,8,6,70,39.25,17,45,42,32,41,37,14,1
4,2,9,19,38.65,49,19,34,54,29,29,14,0
4,8,6,98,39.25,26,14,46,18,24,54,25,15
12,8,6,87,39.25,33,20,36,30,28,14,50,7
12,8,6,79,39.25,32,55,54,18,14,31,14,13
12,2,6,81,38.65,49,54,34,19,14,14,47,0
4,2,6,64,38.65,49,19,34,54,41,44,25,0
3,2,9,61,38.65,23,14,32,27,25,43,22,11
12,8,9,25,39.25,49,19,34,54,14,14,14,0
3,2,9,44,38.65,34,52,37,33,14,25,14,5
4,8,9,93,39.25,32,20,14,29,35,24,14,7
3,2,6,96,38.65,27,32,23,39,36,47,50,11
12,2,9,77,38.65,18,14,46,55,28,36,14,15
4,2,6,70,38.65,18,26,46,55,51,25,21,15
12,2,6,69,38.65,18,55,46,26,14,36,14,15
4,2,6,63,38.65,37,39,14,52,51,29,14,5
12,8,9,1,39.25,27,14,23,32,14,21,29,11
4,2,6,64,38.65,32,27,23,39,28,47,29,11
12,8,6,16,39.25,37,52,34,39,14,28,25,5
3,2,9,44,38.65,26,46,18,55,14,50,31,15
12,8,6,38,39.25,32,42,45,17,14,14,22,1
4,2,6,56,38.65,52,39,37,34,14,28,29,5
4,8,6,1,39.25,53,16,40,32,36,37,48,10
12,8,6,35,39.25,34,14,37,39,54,50,37,5
3,8,6,47,39.25,23,39,32,27,50,48,36,11
3,8,9,74,39.25,30,32,36,20,22,50,24,7
3,8,6,102,39.25,18,55,46,26,33,14,48,15
3,8,6,7,39.25,26,55,46,18,14,50,14,15
4,8,6,45,39.25,18,38,32,54,48,35,33,13
4,2,9,24,38.65,37,39,52,34,36,43,21,5
3,8,9,38,39.25,55,26,18,46,14,33,14,15
4,2,9,57,38.65,34,52,37,39,14,38,37,5
4,8,6,20,39.25,32,20,36,30,37,24,22,7
3,8,6,78,39.25,36,20,30,32,48,36,44,7
4,8,9,108,39.25,34,52,37,39,14,29,44,5
12,2,9,56,38.65,52,14,34,39,14,28,28,5
4,8,6,85,39.25,42,14,45,32,14,14,37,1
4,8,6,76,39.25,17,45,42,32,14,43,22,1
4,2,6,27,38.65,18,33,32,54,35,14,28,13
4,8,6,93,39.25,16,36,32,40,33,22,14,10
4,8,6,115,39.25,34,52,37,39,48,44,31,5
12,2,9,76,38.65,34,52,37,14,14,14,37,5
3,8,9,89,39.25,18,55,32,54,47,38,54,13
4,8,6,24,39.25,53,16,40,32,14,50,48,10
3,8,6,89,39.25,17,45,42,32,14,50,14,1
4,2,6,87,38.65,17,45,14,32,36,47,24,1
4,8,6,98,39.25,53,16,40,32,43,37,38,10
12,8,6,41,39.25,26,55,46,14,50,14,28,15
3,2,6,19,38.65,18,55,32,54,14,22,28,13
4,8,9,45,39.25,26,41,46,18,28,14,50,15
3,2,9,83,38.65,30,32,20,36,14,43,37,7
3,2,6,12,38.65,23,39,32,27,44,50,33,11
12,2,6,108,38.65,23,39,32,47,37,14,54,11
4,8,9,103,39.25,26,55,46,18,14,35,14,15
12,2,6,118,38.65,32,17,45,42,14,31,14,1
4,2,6,61,38.65,32,18,54,55,28,36,24,13
4,8,6,60,39.25,32,42,17,45,50,14,14,1
12,8,9,50,39.25,23,39,32,21,47,14,25,11
3,2,6,79,38.65,20,30,32,36,28,14,50,7
3,8,6,74,39.25,46,26,18,55,24,14,14,15
12,2,9,50,38.65,34,52,28,39,54,51,14,5
4,8,9,41,39.25,36,30,20,32,33,14,41,7
12,8,6,72,39.25,52,34,37,39,54,50,41,5
3,2,9,73,38.65,46,18,26,55,14,51,14,15
4,8,9,83,39.25,32,36,20,30,33,33,41,7
12,8,6,117,39.25,32,20,36,30,29,43,14,7
3,8,9,94,39.25,34,52,37,39,54,35,31,5
3,2,9,106,38.65,18,46,55,26,31,38,54,15
4,8,9,104,39.25,23,27,32,39,25,38,50,11
4,8,6,45,39.25,16,14,32,53,47,36,51,10
12,8,9,40,39.25,23,32,27,39,14,37,33,11
12,8,6,99,39.25,19,49,34,54,14,33,28,0
12,8,6,105,39.25,26,55,46,18,35,21,14,15
4,2,6,44,38.65,36,20,30,32,35,31,37,7
12,8,9,88,39.25,30,20,32,36,24,47,29,7
4,2,9,50,38.65,32,29,23,39,14,14,14,11
12,8,9,57,39.25,18,55,32,54,41,37,54,13
3,8,6,3,39.25,53,16,40,32,25,48,33,10
4,2,6,68,38.65,49,19,34,54,14,22,14,0
4,8,9,68,39.25,34,52,37,39,37,14,47,5
12,8,6,19,39.25,54,18,55,32,31,47,33,13
4,2,6,43,38.65,17,45,42,32,36,14,28,1
12,2,6,108,38.65,49,54,34,19,14,41,29,0
3,8,6,27,39.25,30,36,20,32,54,24,29,7
3,2,9,31,38.65,34,19,14,54,54,51,14,0
3,8,6,68,39.25,40,16,32,53,50,50,48,10
12,8,6,18,39.25,18,55,26,46,14,14,31,15
4,2,9,73,38.65,32,54,18,55,47,43,48,13
3,2,6,38,38.65,55,18,46,26,14,21,37,15
4,2,6,118,38.65,18,38,32,54,47,14,14,13
4,8,6,22,39.25,17,45,42,14,31,51,43,1
3,2,6,24,38.65,30,36,20,32,21,41,14,7
4,8,6,95,39.25,17,45,42,32,43,21,48,1
12,8,9,51,39.25,27,23,32,39,43,44,14,11
12,2,9,107,38.65,23,39,32,27,44,37,22,11
12,8,6,24,39.25,49,19,34,54,31,38,44,0
12,8,9,18,39.25,44,19,54,49,28,50,14,0
3,2,6,44,38.65,23,39,32,27,24,41,35,11
3,2,9,83,38.65,39,23,32,27,51,14,22,11
12,8,9,64,39.25,49,19,34,54,54,14,54,0
4,8,6,100,39.25,17,45,42,32,50,31,33,1
12,8,6,25,39.25,55,18,54,32,31,14,14,13
4,2,9,1,38.65,18,32,55,14,36,14,51,13
3,2,6,24,38.65,42,17,32,45,54,14,21,1
12,8,9,35,39.25,26,55,46,18,31,14,36,15
12,8,6,113,39.25,30,20,32,36,35,54,14,7
3,2,6,51,38.65,54,32,55,18,31,25,38,13
12,2,6,38,38.65,32,20,30,36,43,47,44,7
12,8,6,79,39.25,32,31,20,30,51,14,50,7
12,2,6,44,38.65,16,40,53,32,14,14,43,10
12,8,6,21,39.25,26,55,14,18,38,14,14,15
4,8,6,99,39.25,54,34,19,49,38,47,33,0
12,2,6,75,38.65,32,30,20,36,41,14,31,7
4,8,9,14,39.25,54,39,32,27,14,14,54,11
12,2,6,115,38.65,32,39,27,23,48,50,33,11
4,2,6,75,38.65,27,23,32,39,14,43,37,11
4,2,9,91,38.65,32,14,36,20,54,38,35,7
4,2,9,35,38.65,50,20,36,30,43,25,25,7
4,2,9,58,38.65,49,54,19,34,28,35,50,0
12,2,6,18,38.65,53,16,40,32,25,14,25,10
12,8,6,116,39.25,32,20,36,30,14,25,47,7
4,2,9,14,38.65,49,19,34,54,14,22,54,0
3,8,6,49,39.25,32,16,53,40,43,38,41,10
3,8,6,42,39.25,55,26,46,18,24,31,38,15
12,2,9,85,38.65,32,54,55,14,41,29,54,13
4,2,9,96,38.65,26,18,55,46,54,14,36,15
12,2,6,27,38.65,27,32,39,23,25,31,48,11
12,2,9,60,38.65,26,55,14,18,22,51,47,15
3,8,9,89,39.25,18,55,32,54,14,33,54,13
3,8,6,39,39.25,18,26,55,46,50,41,29,15
12,8,6,77,39.25,46,55,18,26,38,14,14,15
12,8,9,10,39.25,55,46,26,18,36,31,37,15
4,2,6,6,38.65,32,45,17,42,14,54,47,1
12,2,6,94,38.65,34,19,54,49,14,24,33,0
4,8,9,52,39.25,34,52,37,39,47,14,29,5
12,8,6,20,39.25,26,55,46,18,47,14,25,15
12,2,9,68,38.65,32,20,36,30,48,38,14,7
3,2,6,91,38.65,34,52,39,37,14,38,36,5
12,2,6,101,38.65,26,41,46,18,54,28,14,15
3,8,6,80,39.25,34,52,39,37,43,31,14,5
4,2,6,7,38.65,17,45,42,32,33,14,41,1
12,8,9,56,39.25,34,52,37,39,14,36,14,5
3,2,6,18,38.65,37,34,52,39,37,51,37,5
4,2,6,102,38.65,23,32,27,39,14,44,54,11
12,2,6,6,38.65,52,34,37,39,22,36,37,5
3,8,9,99,39.25,37,34,52,39,14,44,21,5
3,2,6,109,38.65,53,16,40,32,29,38,14,10
12,2,6,61,38.65,32,17,45,42,28,48,48,1
3,2,6,1,38.65,34,54,49,19,31,48,51,0
4,8,9,21,39.25,32,20,36,30,14,44,47,7
3,2,6,120,38.65,34,54,19,49,31,14,47,0
12,2,9,25,38.65,34,52,37,39,14,41,48,5
3,8,6,1,39.25,26,55,46,18,14,21,14,15
4,2,6,11,38.65,32,20,36,30,14,48,14,7
4,8,6,37,39.25,34,52,37,39,14,29,48,5
4,2,6,92,38.65,34,52,37,39,24,22,14,5
4,8,6,104,39.25,32,20,36,30,24,22,36,7
4,2,9,55,38.65,27,39,32,23,29,50,37,11
3,2,9,115,38.65,55,18,26,46,50,14,47,15
3,2,6,64,38.65,36,30,32,20,35,14,35,7
4,2,6,110,38.65,46,18,26,55,33,28,14,15
12,8,6,75,39.25,18,32,54,55,25,14,14,13
3,8,9,23,39.25,49,19,54,14,29,51,14,0
4,8,6,106,39.25,32,36,30,20,14,28,14,7
4,8,9,37,39.25,20,30,36,32,44,22,14,7
3,2,6,75,38.65,30,20,36,32,24,24,54,7
12,8,9,79,39.25,32,20,36,30,14,14,14,7
12,8,6,87,39.25,17,45,42,32,41,54,38,1
12,8,6,52,39.25,39,23,27,32,38,44,14,11
3,2,9,9,38.65,32,55,18,54,14,48,43,13
4,2,9,32,38.65,39,52,14,37,47,31,29,5
4,2,6,12,38.65,17,45,42,32,54,51,14,1
3,8,9,112,39.25,34,52,14,39,21,28,38,5
4,8,6,19,39.25,30,36,32,20,14,14,14,7
12,8,6,79,39.25,32,36,30,20,24,14,28,7
12,8,9,16,39.25,54,18,32,55,14,14,21,13
3,8,6,21,39.25,53,16,40,32,14,14,25,10
3,8,6,12,39.25,32,42,17,45,14,14,31,1
3,2,6,52,38.65,17,33,42,32,36,41,14,1
3,2,6,21,38.65,23,39,32,27,22,51,28,11
12,2,6,94,38.65,52,34,39,37,22,35,44,5
12,2,9,94,38.65,37,52,39,34,14,33,14,5
12,2,6,28,38.65,39,32,23,27,21,29,33,11
12,8,6,68,39.25,46,14,26,18,14,43,14,15
12,8,6,5,39.25,30,32,20,36,25,14,14,7
3,8,6,47,39.25,53,16,40,32,38,54,44,10
12,2,6,11,38.65,34,52,37,39,51,14,35,5
12,8,6,76,39.25,17,14,42,32,29,28,31,1
12,8,6,55,39.25,16,32,40,14,38,41,33,10
4,2,6,26,38.65,54,49,38,34,31,36,14,0
12,2,6,108,38.65,46,55,26,18,41,41,29,15
4,2,6,110,38.65,39,32,23,27,50,38,51,11
12,8,6,69,39.25,17,45,42,32,24,50,29,1
3,8,6,75,39.25,27,23,39,32,51,33,35,11
3,8,9,96,39.25,32,20,36,30,29,21,35,7
12,8,9,40,39.25,46,55,26,18,51,54,29,15
4,2,9,2,38.65,32,20,36,30,35,14,14,7
3,8,6,92,39.25,17,14,42,32,28,44,54,1
4,8,9,79,39.25,18,55,32,54,14,41,14,13
3,8,6,53,39.25,39,52,34,37,41,28,50,5
12,8,9,94,39.25,20,36,32,30,21,31,21,7
3,8,9,94,39.25,46,14,18,55,47,25,54,15
3,2,6,67,38.65,26,55,46,18,37,54,38,15
12,2,6,39,38.65,45,43,32,17,48,31,22,1
3,8,6,115,39.25,45,42,32,17,50,24,41,1
12,2,6,107,38.65,34,52,14,39,14,43,28,5
12,2,6,118,38.65,17,45,42,32,50,50,14,1
12,8,6,87,39.25,34,54,19,49,14,28,22,0
3,8,6,104,39.25,34,14,37,39,29,47,14,5
3,8,9,28,39.25,32,20,36,30,35,14,22,7
4,2,9,111,38.65,34,52,37,39,14,38,28,5
3,8,6,117,39.25,17,42,32,45,21,14,14,1
12,2,6,99,38.65,34,52,37,39,22,50,35,5
3,8,9,59,39.25,23,39,32,27,14,14,37,11
4,8,6,15,39.25,19,34,49,54,31,14,31,0
4,8,6,68,39.25,27,32,39,23,51,47,14,11
3,8,9,78,39.25,34,19,54,49,50,47,14,0
12,2,6,79,38.65,16,32,40,53,44,33,36,10
3,8,6,48,39.25,55,14,14,18,24,22,14,13
4,8,6,66,39.25,37,39,34,52,29,44,21,5
3,2,6,86,38.65,34,52,37,39,29,43,29,5
12,8,6,50,39.25,30,20,32,36,44,29,36,7
12,8,6,107,39.25,17,45,42,32,22,22,37,1
4,2,9,45,38.65,27,39,32,23,14,38,35,11
12,2,6,51,38.65,17,45,42,32,14,36,50,1
3,8,6,20,39.25,49,19,34,54,14,33,22,0
4,2,9,74,38.65,36,30,32,20,14,14,41,7
4,2,9,77,38.65,34,19,49,54,33,24,31,0
12,2,6,75,38.65,32,20,36,30,37,54,22,7
4,8,9,89,39.25,32,20,36,24,44,14,25,7
3,2,6,12,38.65,32,20,36,30,47,31,25,7
12,8,9,20,39.25,55,18,46,26,25,14,14,15
3,8,6,95,39.25,32,14,45,42,28,43,50,1
4,2,6,9,38.65,18,55,32,54,14,14,28,13
12,2,6,116,38.65,34,52,37,39,41,31,25,5
3,8,6,101,39.25,18,55,46,26,24,14,29,15
12,2,6,3,38.65,16,32,35,40,14,22,37,10
4,8,6,57,39.25,18,55,32,54,22,22,24,13
4,2,9,62,38.65,26,55,46,18,36,44,14,15
12,2,9,3,38.65,34,52,37,39,14,14,24,5
4,8,9,81,39.25,54,19,34,49,14,48,28,0
12,8,6,9,39.25,26,55,46,18,31,21,14,15
3,2,9,70,38.65,49,19,34,43,29,14,14,0
3,2,9,40,38.65,39,27,32,23,43,14,25,11
4,8,6,98,39.25,17,42,45,32,14,14,14,1
12,8,6,86,39.25,17,45,42,14,33,36,35,1
12,8,9,77,39.25,23,39,32,27,41,22,14,11
12,2,6,24,38.65,22,32,40,53,44,14,51,10
3,2,6,34,38.65,23,32,27,39,33,47,50,11
12,8,9,106,39.25,37,34,21,39,28,14,14,5
3,8,6,70,39.25,32,20,36,30,31,29,14,7
3,8,6,8,39.25,49,19,34,54,28,44,29,0
12,2,9,94,38.65,34,37,52,39,50,44,33,5
12,8,6,117,39.25,40,21,53,32,21,51,14,10
4,2,6,82,38.65,34,19,49,54,35,14,22,0
3,2,6,76,38.65,37,34,39,52,47,44,51,5
12,2,6,98,38.65,53,40,16,32,48,35,14,10
3,8,6,38,39.25,45,17,31,14,21,14,54,1
12,8,9,110,39.25,36,20,30,32,28,35,38,7
12,8,6,7,39.25,32,40,53,16,14,47,33,10
3,8,9,99,39.25,32,20,30,36,14,48,31,7
12,8,9,48,39.25,34,37,33,39,36,14,36,5
4,8,9,44,39.25,36,30,32,20,14,14,38,7
3,2,6,112,38.65,53,16,40,32,36,21,37,10
3,2,9,111,38.65,26,18,46,55,25,29,38,15
4,2,6,72,38.65,39,27,41,23,29,51,25,11
3,2,6,61,38.65,17,32,45,42,36,47,38,1
4,8,9,53,39.25,26,55,46,18,36,14,47,15
3,2,9,33,38.65,18,26,46,55,54,43,37,15
12,8,6,52,39.25,18,54,55,32,47,21,22,13
3,2,9,114,38.65,32,20,36,30,35,38,50,7
12,2,6,81,38.65,17,45,42,32,24,14,48,1
12,2,9,38,38.65,32,30,20,36,25,41,21,7
3,8,9,89,39.25,36,20,14,32,51,24,28,7
4,8,9,18,39.25,39,37,52,34,14,14,35,5
4,8,6,66,39.25,53,16,44,32,14,25,24,10
12,8,6,35,39.25,42,45,17,32,14,14,14,1
4,2,6,27,38.65,34,52,37,39,37,24,24,5
4,2,6,49,38.65,16,40,32,53,41,50,41,10
4,8,9,13,39.25,34,37,39,52,51,25,47,5
12,2,9,93,38.65,55,18,26,46,31,33,31,15
3,2,6,54,38.65,49,19,34,54,28,51,14,0
4,2,9,24,38.65,18,55,32,54,54,44,44,13
12,8,6,103,39.25,55,18,26,46,14,48,43,15
4,2,6,63,38.65,39,52,34,37,44,14,51,5
3,8,6,114,39.25,26,18,46,55,22,47,29,15
3,8,6,39,39.25,18,55,32,54,33,14,36,13
3,2,6,103,38.65,45,17,42,32,48,14,44,1
12,8,6,70,39.25,32,14,20,36,24,28,48,7
3,2,6,19,38.65,17,24,42,32,21,54,35,1
12,2,6,19,38.65,45,17,32,42,35,33,14,1
3,8,9,7,39.25,49,34,54,19,41,41,31,0
4,8,6,14,39.25,17,45,42,22,48,44,25,1
4,2,9,18,38.65,26,55,46,18,37,48,14,15
3,2,6,8,38.65,53,16,32,40,36,14,35,10
12,8,9,41,39.25,32,20,36,30,25,33,38,7
3,8,6,106,39.25,45,32,42,17,29,14,24,1
4,8,6,86,39.25,45,17,42,32,14,38,38,1
3,8,6,114,39.25,36,32,20,30,50,21,51,7
12,8,6,46,39.25,52,34,39,37,47,38,50,5
12,8,6,3,39.25,20,32,30,36,37,51,41,7
4,8,6,60,39.25,39,14,34,52,31,29,51,5
12,2,9,88,38.65,34,37,39,52,33,37,48,5
12,2,6,71,38.65,32,27,39,23,29,47,25,11
4,8,9,48,39.25,34,14,52,37,48,24,47,5
12,8,9,11,39.25,49,14,34,54,37,14,14,0
3,8,6,104,39.25,23,39,32,27,31,14,14,11
4,2,6,103,38.65,17,45,42,32,29,22,37,1
4,8,9,116,39.25,34,22,37,52,48,28,37,5
12,8,9,90,39.25,30,36,32,20,31,25,51,7
3,8,6,19,39.25,20,30,32,36,50,14,22,7
4,2,9,105,38.65,32,20,36,30,31,14,14,7
3,2,6,54,38.65,37,34,39,52,14,43,14,5
4,8,9,80,39.25,23,21,39,27,50,28,21,11
4,2,6,8,38.65,32,16,53,40,29,54,31,10
12,8,6,14,39.25,53,16,40,32,14,28,41,10
12,8,9,109,39.25,37,34,39,52,14,43,44,5
3,2,9,98,38.65,26,18,46,55,47,14,44,15
12,2,6,43,38.65,37,16,53,40,25,22,41,10
3,2,6,24,38.65,34,52,37,39,21,14,38,5
4,8,6,120,39.25,34,52,37,14,24,38,14,5
3,8,6,50,39.25,32,54,55,18,37,21,50,13
3,8,6,59,39.25,45,42,14,17,54,14,14,1
4,8,6,102,39.25,41,39,32,27,14,14,37,11
3,2,6,93,38.65,17,32,42,45,14,36,41,1
4,8,6,5,39.25,23,39,32,27,48,48,31,11
3,8,6,15,39.25,53,32,16,40,14,54,54,10
12,8,6,115,39.25,32,40,16,53,14,28,51,10
12,2,9,75,38.65,23,39,32,27,31,22,14,11
12,8,9,106,39.25,23,39,32,27,14,14,35,11
4,2,9,61,38.65,49,19,14,54,38,47,35,0
3,2,6,78,38.65,17,42,32,45,14,38,41,1
4,2,6,1,38.65,49,19,34,54,38,44,50,0
4,8,6,53,39.25,53,16,40,32,36,35,14,10
3,8,6,96,39.25,17,45,42,32,14,41,43,1
3,2,6,47,38.65,17,45,42,32,14,48,37,1
12,2,6,28,38.65,49,14,34,54,33,41,31,0
3,8,9,68,39.25,25,55,14,14,31,33,51,13
3,8,6,16,39.25,27,23,32,39,25,21,24,11
3,2,9,107,38.65,34,19,49,54,48,44,48,0
12,2,6,26,38.65,53,16,40,14,36,51,28,10
4,8,6,20,39.25,53,16,40,32,38,14,14,10
4,8,6,83,39.25,17,14,29,32,14,38,14,1
12,2,9,8,38.65,55,46,18,26,54,48,24,15
4,2,6,17,38.65,53,32,16,40,33,37,33,10
12,2,9,86,38.65,54,49,34,19,35,43,31,0
12,8,6,74,39.25,32,17,45,42,33,25,54,1
4,2,6,35,38.65,42,45,17,32,35,14,14,1
4,8,6,28,39.25,53,16,40,32,24,54,14,10
3,2,6,3,38.65,34,52,37,39,14,33,31,5
12,2,6,79,38.65,34,52,37,39,36,14,28,5
4,2,9,44,38.65,26,55,18,46,25,21,28,15
12,8,9,31,39.25,18,32,55,14,14,47,31,13
3,2,6,86,38.65,17,45,42,25,14,14,29,1
12,2,9,57,38.65,34,37,52,39,28,21,25,5
4,2,6,87,38.65,17,45,42,32,28,14,29,1
3,2,9,5,38.65,55,26,18,46,36,38,14,15
3,8,6,105,39.25,17,45,42,14,51,35,41,1
12,2,6,77,38.65,39,37,34,52,48,21,37,5
3,8,6,1,39.25,34,54,49,19,24,38,44,0
3,2,6,103,38.65,17,45,42,32,47,21,51,1
12,2,6,114,38.65,55,51,46,18,54,35,14,15
3,8,6,70,39.25,40,32,14,16,54,31,38,10
3,8,9,89,39.25,34,52,37,39,22,36,25,5
12,2,9,49,38.65,32,20,30,36,14,28,38,7
4,2,9,84,38.65,55,46,26,18,28,31,38,15
12,2,6,101,38.65,23,38,32,27,33,21,22,11
4,2,9,29,38.65,49,19,34,54,50,24,51,0
4,2,6,67,38.65,37,39,34,14,41,51,29,5
3,8,6,83,39.25,32,54,55,18,35,33,14,13
3,2,6,31,38.65,32,17,29,42,43,21,41,1
3,2,6,22,38.65,32,23,39,27,14,14,25,11
12,2,9,36,38.65,27,32,23,39,37,14,44,11
12,8,9,38,39.25,37,52,34,14,36,29,41,5
4,2,6,75,38.65,54,55,18,32,24,38,36,13
12,8,6,102,39.25,54,55,32,18,14,35,14,13
12,2,6,90,38.65,53,16,40,32,14,14,54,10
3,2,9,85,38.65,32,27,23,39,24,31,14,11
12,2,9,81,38.65,32,20,36,30,33,35,33,7
3,2,9,56,38.65,32,39,27,23,14,14,36,11
3,2,6,63,38.65,45,32,42,17,41,44,36,1
12,8,9,42,39.25,18,55,32,54,35,54,33,13
4,8,6,39,39.25,32,42,17,45,41,35,35,1
4,8,6,23,39.25,32,20,36,30,38,14,35,7
12,2,6,85,38.65,23,32,39,27,14,29,14,11
3,2,9,112,38.65,18,55,21,54,24,33,14,13
12,8,9,18,39.25,49,19,34,54,31,41,54,0
4,8,6,7,39.25,16,32,40,53,14,37,14,10
4,8,9,49,39.25,32,50,23,39,37,48,14,11
3,2,9,69,38.65,55,18,46,26,47,24,47,15
4,8,6,26,39.25,24,54,34,19,43,14,37,0
12,2,6,116,38.65,27,39,14,23,54,21,35,11
12,2,6,40,38.65,32,16,53,40,14,14,22,10
4,8,6,30,39.25,26,18,55,46,14,51,54,15
3,2,9,77,38.65,32,20,36,30,22,36,14,7
12,2,9,88,38.65,26,55,46,18,38,36,33,15
4,8,9,54,39.25,19,49,54,34,14,14,43,0
12,2,9,13,38.65,39,37,34,52,25,14,14,5
12,8,6,25,39.25,26,55,14,46,14,36,47,15
4,8,9,29,39.25,18,55,32,54,14,31,51,13
12,8,6,90,39.25,17,45,42,32,50,14,21,1
3,8,9,20,39.25,34,52,37,39,51,21,14,5
3,2,9,111,38.65,49,19,34,54,31,51,22,0
12,8,6,21,39.25,34,39,37,52,41,14,14,5
3,8,6,82,39.25,34,52,37,39,51,33,47,5
12,8,6,47,39.25,31,54,19,34,14,37,14,0
3,2,6,71,38.65,45,14,32,17,14,24,29,1
3,2,9,65,38.65,32,23,39,27,22,48,22,11
12,8,9,26,39.25,32,27,23,39,31,14,14,11
3,8,9,111,39.25,48,26,55,18,36,35,41,15
12,8,6,79,39.25,23,39,32,27,47,14,33,11
3,8,6,22,39.25,32,27,23,37,50,36,14,11
12,8,6,1,39.25,53,16,40,32,31,37,14,10
3,2,6,108,38.65,37,25,52,14,14,41,51,5
12,2,6,85,38.65,45,32,42,17,38,54,14,1
3,2,9,67,38.65,39,23,32,14,14,24,50,11
4,2,6,39,38.65,26,55,46,18,33,47,14,15
4,8,6,23,39.25,17,32,42,45,47,14,28,1
12,2,6,87,38.65,17,45,42,32,28,48,54,1
3,8,9,44,39.25,23,39,32,27,38,14,14,11
12,8,6,106,39.25,32,20,36,30,28,14,38,7
3,2,6,8,38.65,17,45,42,32,14,24,29,1
12,2,6,4,38.65,16,32,44,53,24,29,14,10
4,8,9,113,39.25,55,32,54,18,25,43,33,13
3,8,6,55,39.25,18,55,32,54,54,50,25,13
4,2,6,14,38.65,17,45,29,32,14,31,22,1
3,8,6,28,39.25,32,20,36,30,22,28,38,7
4,8,6,94,39.25,20,30,32,36,14,41,33,7
3,8,9,111,39.25,23,39,32,27,14,54,36,11
12,8,6,14,39.25,23,27,32,39,36,54,54,11
3,8,9,94,39.25,23,39,32,27,48,35,25,11
3,8,6,85,39.25,32,20,36,30,50,50,22,7
4,8,6,28,39.25,37,14,52,34,33,41,36,5
12,2,6,25,38.65,34,52,37,39,35,28,35,5
3,8,9,73,39.25,30,32,36,20,50,38,48,7
3,8,6,74,39.25,17,45,42,32,14,22,21,1
3,8,6,19,39.25,54,49,19,34,14,33,36,0
4,2,6,47,38.65,55,18,32,54,33,14,48,13
4,2,9,98,38.65,36,32,20,14,14,47,31,7
3,2,9,84,38.65,32,20,36,30,48,36,14,7
4,8,6,32,39.25,53,16,40,32,50,25,14,10
4,2,6,96,38.65,44,32,17,42,22,35,14,1
4,2,6,47,38.65,26,55,46,18,43,21,24,15
3,2,6,73,38.65,37,34,39,52,14,14,31,5
12,2,6,66,38.65,17,45,42,32,43,25,14,1
3,8,6,113,39.25,18,55,32,54,21,14,36,13
3,2,9,88,38.65,32,39,27,23,44,35,44,11
3,8,6,106,39.25,20,32,36,30,48,28,43,7
4,2,6,63,38.65,17,45,42,32,14,51,44,1
12,8,9,45,39.25,46,26,18,55,36,28,43,15
12,2,6,33,38.65,39,14,14,27,33,21,43,11
12,2,9,6,38.65,34,52,37,14,51,29,51,5
4,2,6,46,38.65,23,39,32,27,28,31,31,11
4,8,6,78,39.25,16,32,40,50,47,22,14,10
3,2,9,106,38.65,34,52,37,39,43,14,14,5
12,2,6,41,38.65,53,16,40,32,47,36,28,10
12,8,6,54,39.25,39,37,52,34,14,24,14,5
3,2,9,3,38.65,39,23,27,32,37,14,37,11
3,2,9,58,38.65,37,39,34,52,25,31,14,5
12,8,6,5,39.25,40,53,16,32,21,33,28,10
12,8,6,79,39.25,42,17,45,32,36,14,14,1
12,2,9,56,38.65,18,55,32,54,14,51,29,13
3,8,9,49,39.25,39,23,27,32,48,22,35,11
3,2,6,14,38.65,40,53,32,14,14,14,54,10
3,8,9,122,39.25,23,39,32,27,44,41,43,11
12,8,6,114,39.25,23,39,32,27,43,14,54,11
4,2,6,111,38.65,32,20,30,36,38,14,37,7
4,8,6,36,39.25,36,32,30,20,43,44,14,7
4,2,6,70,38.65,32,40,53,16,14,51,14,10
12,8,6,119,39.25,46,18,55,26,43,47,21,15
4,2,6,15,38.65,17,45,35,32,22,54,36,1
3,8,9,3,39.25,34,39,37,52,14,14,14,5
3,8,6,72,39.25,32,54,18,55,14,14,25,13
3,8,6,118,39.25,32,27,39,23,25,22,21,11
3,2,6,113,38.65,42,45,17,32,14,41,47,1
3,2,9,23,38.65,26,55,46,18,33,14,14,15
12,8,6,78,39.25,54,18,55,32,14,51,29,13
4,2,6,69,38.65,20,36,32,30,29,48,41,7
12,2,9,1,38.65,30,36,20,32,38,22,14,7
12,8,6,17,39.25,46,18,26,55,14,43,14,15
12,8,6,31,39.25,42,45,32,17,14,41,28,1
3,2,6,74,38.65,18,55,14,28,51,22,38,15
3,2,6,5,38.65,17,45,42,32,14,36,41,1
12,2,9,52,38.65,26,55,46,18,50,36,14,15
3,8,6,13,39.25,34,52,37,39,21,50,41,5
3,2,6,66,38.65,40,16,32,53,36,29,14,10
3,8,9,85,39.25,18,55,14,54,14,50,35,13
12,2,6,114,38.65,30,20,36,14,36,21,14,7
12,8,6,16,39.25,30,20,32,36,31,35,25,7
3,2,6,11,38.65,32,45,14,42,47,22,51,1
12,2,9,19,38.65,46,55,26,18,29,14,50,15
3,2,9,14,38.65,18,55,32,54,28,14,14,13
4,2,6,66,38.65,43,32,14,27,14,48,47,11
12,8,6,68,39.25,18,55,32,28,38,44,41,13
4,8,9,79,39.25,36,32,20,30,48,29,41,7
3,8,6,61,39.25,17,32,42,45,33,44,36,1
3,2,6,121,38.65,32,48,36,30,50,50,14,7
12,8,6,120,39.25,23,32,27,39,14,54,43,11
3,8,9,86,39.25,23,39,32,27,28,47,14,11
4,2,6,21,38.65,53,16,40,14,54,24,28,10
3,2,6,1,38.65,42,17,45,32,14,14,35,1
12,8,6,41,39.25,18,55,32,54,41,14,25,13
3,8,6,45,39.25,55,18,26,46,14,14,28,15
3,2,6,70,38.65,32,20,36,30,22,14,14,7
12,2,6,21,38.65,52,34,21,39,43,36,47,5
3,8,9,74,39.25,39,37,52,34,54,35,38,5
4,8,6,99,39.25,46,55,26,14,21,41,33,15
3,8,6,22,39.25,43,20,36,30,33,14,14,7
12,2,9,115,38.65,34,49,54,14,21,33,36,0
12,2,6,8,38.65,26,55,18,46,44,35,44,15
4,8,6,108,39.25,34,52,37,39,24,28,21,5
4,2,6,82,38.65,18,55,32,54,14,14,29,13
3,8,6,95,39.25,45,32,17,42,14,38,28,1
12,8,9,11,39.25,18,32,54,55,14,29,38,13
3,8,6,21,39.25,54,19,49,34,51,14,22,0
12,8,9,18,39.25,34,52,37,39,50,31,14,5
12,2,6,14,38.65,34,52,37,39,14,22,37,5
4,2,9,73,38.65,23,27,39,32,25,50,24,11
4,8,6,107,39.25,48,20,36,30,33,38,14,7
3,8,6,58,39.25,18,55,14,54,31,31,14,13
3,2,6,23,38.65,46,55,18,26,43,50,14,15
12,8,9,101,39.25,23,39,32,27,37,54,25,11
3,8,6,27,39.25,17,45,42,32,14,14,31,1
3,2,6,40,38.65,26,46,18,55,14,14,36,15
4,8,6,78,39.25,17,45,42,32,22,29,36,1
12,8,6,114,39.25,32,20,36,30,25,14,54,7
3,2,9,114,38.65,18,48,32,54,21,29,14,13
12,8,6,47,39.25,49,19,34,54,54,38,14,0
12,2,6,35,38.65,32,53,43,36,14,36,14,10
4,2,6,66,38.65,53,14,40,32,43,14,14,10
3,8,9,83,39.25,46,18,26,55,54,24,25,15
12,2,6,81,38.65,53,16,40,32,21,14,43,10
12,2,6,108,38.65,39,32,23,27,14,31,25,11
3,2,9,21,38.65,32,36,14,20,31,37,36,7
12,8,6,44,39.25,17,45,42,32,47,14,14,1
4,8,9,100,39.25,32,20,14,44,54,14,21,7
3,8,9,107,39.25,44,14,46,18,48,24,36,15
4,8,6,11,39.25,48,45,42,32,33,14,36,1
3,8,6,29,39.25,32,42,45,17,54,14,54,1
12,2,6,112,38.65,26,55,46,18,29,31,51,15
4,8,6,98,39.25,45,17,42,32,28,14,14,1
12,8,6,116,39.25,23,32,27,39,14,29,51,11
12,2,9,113,38.65,34,52,37,39,14,14,25,5
4,8,9,110,39.25,34,52,37,39,38,33,41,5
12,8,9,89,39.25,32,14,36,30,47,29,14,7
4,8,6,79,39.25,23,39,32,27,35,50,25,11
4,8,9,2,39.25,34,52,37,43,43,31,35,5
3,8,9,20,39.25,23,39,36,27,50,24,43,11
3,8,9,113,39.25,46,18,26,55,28,24,14,15
3,2,6,49,38.65,23,39,32,27,54,47,21,11
4,8,6,107,39.25,18,55,32,54,22,31,41,13
12,2,6,105,38.65,55,46,26,18,44,14,36,15
12,8,9,4,39.25,19,54,34,49,44,14,41,0
3,2,9,112,38.65,26,55,18,46,14,50,36,15
4,8,6,17,39.25,16,32,53,40,35,14,48,10
12,2,9,77,38.65,23,39,32,27,14,22,43,11
4,2,9,90,38.65,55,26,46,18,36,14,28,15
4,8,9,82,39.25,34,52,37,14,48,25,43,5
3,8,9,16,39.25,30,20,32,36,43,28,14,7
4,2,9,36,38.65,49,19,34,54,48,14,48,0
12,2,6,63,38.65,45,17,42,32,51,31,14,1
12,2,9,28,38.65,18,32,54,55,14,31,14,13
12,8,6,76,39.25,39,34,37,14,43,14,14,5
3,2,6,19,38.65,16,53,40,32,25,28,28,10
3,8,9,99,39.25,46,18,26,55,50,50,38,15
4,8,6,89,39.25,23,39,32,27,43,35,14,11
4,8,9,99,39.25,26,55,46,18,14,25,50,15
4,2,9,89,38.65,26,55,46,18,51,38,48,15
3,2,9,48,38.65,34,19,49,54,22,14,14,0
3,2,6,55,38.65,54,18,32,55,36,22,41,13
12,8,6,18,39.25,54,39,14,27,29,35,14,11
4,2,6,80,38.65,55,46,26,18,36,14,54,15
4,2,9,47,38.65,55,18,54,32,28,47,44,13
4,8,6,90,39.25,17,45,42,32,14,37,29,1
4,2,9,3,38.65,26,55,46,18,14,36,37,15
4,8,6,113,39.25,32,23,27,39,14,33,50,11
3,2,6,18,38.65,16,40,14,53,14,47,14,10
3,8,9,56,39.25,23,39,32,27,43,14,54,11
4,8,6,5,39.25,17,45,42,32,54,29,38,1
12,2,6,108,38.65,27,23,39,32,21,51,31,11
12,2,6,71,38.65,36,30,20,32,24,41,36,7
12,2,9,36,38.65,18,55,32,54,14,25,54,13
3,2,6,11,38.65,32,20,36,30,41,29,31,7
4,2,6,109,38.65,45,17,32,42,50,37,41,1
3,2,6,72,38.65,17,45,42,32,21,43,48,1
4,8,6,101,39.25,34,52,37,39,38,14,14,5
3,8,6,82,39.25,30,14,20,32,44,33,14,7
3,8,6,58,39.25,16,32,40,53,48,51,33,10
3,2,6,37,38.65,18,32,55,54,51,14,22,13
4,8,9,5,39.25,26,55,46,18,14,24,35,15
3,8,6,99,39.25,46,26,55,18,14,14,31,15
4,8,6,31,39.25,45,32,42,17,33,50,14,1
3,2,6,22,38.65,17,14,42,45,41,41,37,1
12,8,6,22,39.25,17,44,32,42,47,44,14,1
3,2,9,104,38.65,55,26,18,46,51,54,38,15
12,2,6,47,38.65,54,55,32,18,33,33,14,13
4,2,9,1,38.65,30,32,36,20,14,36,35,7
12,2,6,66,38.65,32,36,30,20,51,14,36,7
3,8,9,28,39.25,37,39,34,52,14,50,43,5
12,2,6,100,38.65,34,52,37,39,31,38,14,5
12,2,6,45,38.65,26,55,46,18,50,14,48,15
12,2,6,8,38.65,44,45,42,32,29,14,21,1
3,2,9,78,38.65,23,39,32,27,14,14,31,11
12,8,6,22,39.25,18,55,32,54,43,31,41,13
4,2,9,93,38.65,39,23,27,32,54,44,14,11
4,8,9,66,39.25,18,55,26,46,37,14,33,15
4,2,9,45,38.65,32,20,36,30,14,43,21,7
3,8,6,80,39.25,39,23,32,27,44,43,48,11
3,2,9,107,38.65,32,30,36,20,28,35,31,7
12,2,6,118,38.65,27,32,39,23,25,54,25,11
4,2,9,63,38.65,32,20,36,43,43,54,38,7
4,2,9,53,38.65,55,54,18,32,14,35,28,13
12,2,6,55,38.65,32,20,30,36,48,14,48,7
3,2,6,14,38.65,39,34,37,52,41,33,50,5
12,2,6,80,38.65,39,37,52,34,14,35,14,5
12,8,6,101,39.25,39,52,21,37,44,35,29,5
12,8,9,15,39.25,36,32,20,30,22,44,14,7
3,8,6,94,39.25,17,45,42,32,35,54,54,1
3,2,9,105,38.65,32,27,39,23,37,41,41,11
4,8,9,111,39.25,37,34,39,37,50,25,29,5
3,8,9,83,39.25,23,39,32,27,22,48,33,11
12,2,9,91,38.65,36,32,30,20,36,29,43,7
3,8,6,28,39.25,34,52,37,39,28,41,14,5
12,2,6,75,38.65,54,34,19,49,48,14,37,0
3,8,9,41,39.25,18,55,32,54,24,14,43,13
3,8,6,36,39.25,49,19,34,54,14,41,25,0
12,8,9,101,39.25,55,26,18,46,24,21,35,15
3,2,9,7,38.65,23,32,27,39,29,44,47,11
3,8,6,63,39.25,51,39,23,32,25,37,21,11
4,8,6,91,39.25,34,52,37,39,22,14,14,5
3,2,6,91,38.65,32,20,30,36,14,38,14,7
12,2,9,67,38.65,23,39,32,27,24,43,43,11
3,8,9,11,39.25,20,32,30,36,14,14,31,7
12,8,9,99,39.25,26,55,46,18,14,36,50,15
12,2,9,116,38.65,49,19,34,54,21,14,14,0
4,8,6,95,39.25,18,35,32,14,22,28,38,13
3,8,6,52,39.25,34,52,37,39,29,14,44,5
12,8,6,37,39.25,23,39,32,27,14,14,14,11
3,8,6,16,39.25,26,55,46,18,43,51,22,15
4,8,9,54,39.25,32,20,36,30,35,14,22,7
4,8,6,52,39.25,32,20,36,30,51,51,14,7
12,2,6,60,38.65,23,39,32,27,54,41,22,11
12,2,6,28,38.65,26,46,18,55,35,51,43,15
3,8,6,35,39.25,21,42,32,17,14,48,33,1
12,8,6,11,39.25,39,52,34,14,35,41,24,5
12,8,9,30,39.25,32,20,36,30,51,14,36,7
3,2,6,49,38.65,35,55,46,18,24,31,22,15
3,8,9,4,39.25,49,19,34,54,14,14,24,0
3,2,6,103,38.65,17,45,42,32,48,14,28,1
4,8,6,58,39.25,26,46,18,55,41,24,14,15
4,8,9,2,39.25,36,14,30,32,22,31,21,7
12,2,9,26,38.65,55,46,18,26,36,14,14,15
12,2,9,80,38.65,49,19,34,54,50,51,33,0
3,2,6,12,38.65,26,46,18,55,31,43,54,15
3,8,6,62,39.25,32,27,39,14,47,14,14,11
4,8,6,121,39.25,55,46,26,18,14,29,43,15
4,8,6,76,39.25,32,20,36,30,24,25,36,7
12,2,6,102,38.65,17,45,42,32,24,38,14,1
12,2,9,102,38.65,18,26,46,55,36,47,31,15
12,8,9,45,39.25,26,55,46,18,47,36,51,15
3,8,9,109,39.25,55,46,18,26,25,38,35,15
4,2,9,92,38.65,55,32,18,54,28,25,44,13
4,8,6,109,39.25,16,53,32,40,22,14,43,10
4,8,6,92,39.25,55,32,54,18,28,48,28,13
3,2,6,14,38.65,50,14,42,32,36,51,14,1
3,8,6,21,39.25,17,32,42,45,36,29,14,1
12,2,6,56,38.65,26,14,18,46,35,37,33,15
12,8,6,92,39.25,32,36,20,30,28,24,14,7
12,8,9,33,39.25,20,30,32,36,44,48,36,7
4,2,6,35,38.65,23,39,32,27,14,14,29,11
4,8,9,16,39.25,32,20,36,30,50,38,28,7
4,2,6,103,38.65,32,36,30,20,37,44,50,7
4,8,9,103,39.25,23,39,32,14,14,28,37,11
3,2,9,39,38.65,23,39,32,27,47,14,47,11
12,2,9,30,38.65,46,18,55,26,28,47,38,15
4,2,6,61,38.65,23,39,32,27,14,43,47,11
3,8,9,55,39.25,26,55,46,18,22,14,29,15
4,2,9,56,38.65,55,18,54,32,33,37,14,13
4,2,6,119,38.65,45,32,42,17,14,14,14,1
3,8,6,90,39.25,53,16,40,32,54,51,14,10
12,2,6,88,38.65,40,16,32,53,35,54,28,10
4,2,9,63,38.65,32,18,35,54,37,22,21,13
3,2,6,84,38.65,46,26,18,55,22,36,24,15
12,8,6,85,39.25,23,39,27,32,48,41,14,11
12,2,9,5,38.65,26,55,46,18,36,14,37,15
12,8,6,115,39.25,17,45,42,32,50,14,50,1
4,2,9,57,38.65,52,37,39,34,43,14,25,5
3,2,6,54,38.65,42,32,45,17,31,14,41,1
12,8,6,16,39.25,42,45,17,32,48,24,21,1
4,2,6,9,38.65,42,32,17,45,14,33,36,1
4,8,6,98,39.25,32,20,36,14,37,35,44,7
12,2,6,53,38.65,32,17,45,14,14,35,14,1
3,2,6,79,38.65,32,42,17,45,14,14,28,1
12,2,9,46,38.65,34,37,39,52,22,24,37,5
3,8,9,86,39.25,49,19,34,54,25,33,47,0
4,2,6,6,38.65,32,20,36,30,47,44,14,7
4,8,6,61,39.25,45,17,32,42,24,47,14,1
4,8,6,110,39.25,34,52,37,39,14,14,24,5
3,8,6,65,39.25,54,34,19,49,28,36,33,0
12,8,6,85,39.25,32,17,42,45,14,21,35,1
4,8,6,116,39.25,53,32,16,40,14,54,47,10
4,8,6,65,39.25,32,20,36,30,25,31,14,7
3,8,6,50,39.25,30,32,20,36,47,37,47,7
3,8,6,103,39.25,17,45,42,32,24,14,14,1
4,8,9,112,39.25,20,36,30,32,14,43,21,7
3,8,6,25,39.25,34,52,37,39,14,51,51,5
3,2,9,31,38.65,26,55,46,18,50,37,28,15
12,8,6,116,39.25,32,17,45,42,14,14,38,1
12,2,6,64,38.65,18,55,32,54,21,37,29,13
12,8,6,113,39.25,20,30,41,32,37,44,47,7
3,8,6,37,39.25,34,37,52,39,24,28,14,5
3,8,9,110,39.25,39,52,34,37,35,54,36,5
4,2,6,63,38.65,54,32,55,18,33,14,21,13
4,2,9,49,38.65,55,26,46,18,31,50,14,15
12,8,9,30,39.25,18,55,32,54,28,43,14,13
4,2,6,106,38.65,26,55,46,18,43,43,14,15
3,8,6,68,39.25,49,19,34,54,51,48,50,0
4,8,6,94,39.25,46,26,55,18,35,28,54,15
4,8,6,17,39.25,49,19,34,54,14,38,14,0
3,2,6,63,38.65,34,52,37,39,43,36,21,5
3,2,6,60,38.65,17,45,42,14,51,38,35,1
3,2,9,81,38.65,18,55,32,54,24,25,44,13
4,8,9,39,39.25,32,20,36,30,44,14,21,7
4,2,6,10,38.65,18,55,32,54,35,14,38,13
3,8,9,111,39.25,18,55,32,36,31,14,35,13
3,2,6,1,38.65,52,37,39,34,38,44,24,5
4,2,6,73,38.65,54,55,18,32,14,14,14,13
12,8,9,99,39.25,54,49,34,19,14,36,14,0
12,2,6,34,38.65,17,42,32,45,22,36,14,1
3,2,9,50,38.65,18,55,32,54,33,14,21,13
12,8,6,89,39.25,23,39,32,27,14,50,14,11
12,8,6,49,39.25,34,52,37,39,25,50,36,5
12,8,9,45,39.25,20,36,32,30,37,14,25,7
12,8,9,62,39.25,39,32,27,23,14,14,14,11
12,2,9,111,38.65,32,20,36,30,14,14,14,7
3,8,6,10,39.25,49,19,14,34,50,35,22,0
3,8,9,102,39.25,39,23,32,14,54,14,33,11
4,8,6,19,39.25,18,46,55,38,51,14,43,15
4,2,6,80,38.65,17,45,42,32,25,54,54,1
3,8,6,39,39.25,34,14,37,39,35,51,14,5
3,8,6,92,39.25,17,45,42,32,22,24,50,1
12,2,6,6,38.65,37,34,52,39,50,35,36,5
12,8,9,95,39.25,32,20,36,30,36,25,36,7
3,8,6,64,39.25,32,42,17,45,38,14,36,1
3,2,9,1,38.65,39,37,52,34,22,14,28,5
3,2,6,62,38.65,53,32,14,16,25,14,29,10
3,8,9,48,39.25,23,39,32,27,14,24,14,11
3,2,9,35,38.65,18,14,55,46,41,28,24,15
12,2,9,53,38.65,32,20,36,30,25,22,29,7
3,8,6,7,39.25,54,32,18,55,37,33,33,13
4,2,6,63,38.65,32,20,36,30,14,14,14,7
3,2,6,101,38.65,45,17,14,32,29,43,35,1
12,2,6,36,38.65,26,55,14,18,14,43,38,15
4,2,6,71,38.65,32,27,23,39,35,44,37,11
12,8,6,119,39.25,36,18,55,26,21,38,44,15
12,8,6,24,39.25,17,45,42,14,54,14,14,1
12,2,6,50,38.65,53,16,40,32,14,47,41,10
4,8,9,114,39.25,23,39,32,27,43,35,48,11
4,8,9,29,39.25,26,55,46,18,14,37,28,15
3,2,6,98,38.65,53,16,40,32,29,33,38,10
3,8,9,53,39.25,39,23,32,27,21,51,22,11
12,2,6,108,38.65,32,14,36,30,35,24,29,7
3,8,6,12,39.25,23,32,27,39,29,14,37,11
4,2,9,63,38.65,23,39,32,27,22,14,14,11
3,2,9,65,38.65,20,30,36,32,54,14,41,7
3,2,9,88,38.65,32,36,30,20,33,22,33,7
3,2,9,102,38.65,18,55,32,54,14,14,44,13
3,8,6,73,39.25,52,39,34,37,14,54,35,5
12,8,6,79,39.25,53,16,40,32,14,28,35,10
3,2,9,6,38.65,32,20,36,29,14,28,41,7
3,2,6,106,38.65,34,14,19,54,14,33,28,0
12,2,6,85,38.65,17,45,42,32,38,43,25,1
12,8,6,58,39.25,18,55,32,54,14,44,41,13
4,8,9,103,39.25,27,23,39,32,41,51,54,11
4,2,6,74,38.65,30,36,20,32,14,14,47,7
3,2,6,61,38.65,32,17,42,45,14,47,24,1
12,8,9,55,39.25,20,32,30,14,38,22,14,7
4,2,6,13,38.65,52,39,34,37,14,14,31,5
3,8,6,79,39.25,17,42,45,32,14,25,38,1
3,8,9,113,39.25,55,18,32,54,29,14,22,13
3,2,9,86,38.65,26,55,46,18,41,36,21,15
4,8,6,14,39.25,23,39,32,27,41,14,35,11
12,2,6,108,38.65,23,22,32,14,14,54,54,11
4,2,6,74,38.65,55,18,46,26,51,24,38,15
3,2,6,89,38.65,40,16,32,53,37,50,14,10
3,8,9,113,39.25,46,18,55,26,29,35,14,15
3,8,6,10,39.25,46,26,36,22,54,31,47,15
4,2,9,18,38.65,34,52,37,39,33,37,47,5
12,8,6,59,39.25,32,16,14,40,36,41,14,10
3,8,6,98,39.25,32,20,14,30,51,33,35,7
12,8,6,69,39.25,36,20,32,33,54,14,14,7
12,8,9,106,39.25,49,54,19,34,21,14,54,0
3,8,9,62,39.25,23,39,32,27,21,14,44,11
12,8,9,119,39.25,49,19,34,54,41,35,14,0
12,8,6,48,39.25,20,30,32,36,14,48,51,7
3,8,6,82,39.25,32,20,14,30,21,50,14,7
4,2,6,102,38.65,18,55,32,54,14,47,28,13
12,8,6,16,39.25,17,45,42,32,14,44,25,1
3,8,9,29,39.25,18,55,32,54,31,29,24,13
12,2,6,67,38.65,18,55,46,26,54,37,14,15
3,2,6,57,38.65,30,20,32,36,24,47,31,7
4,2,6,1,38.65,23,32,27,39,43,21,22,11
12,8,9,34,39.25,36,30,32,20,14,14,25,7
4,8,6,38,39.25,32,53,14,40,14,50,43,10
3,8,6,79,39.25,17,45,42,32,33,35,44,1
12,2,6,10,38.65,26,55,46,28,28,38,14,15
3,8,6,52,39.25,17,45,42,32,14,41,47,1
4,8,9,61,39.25,34,52,37,39,22,31,25,5
3,8,6,97,39.25,52,34,37,39,41,24,41,5
4,8,9,15,39.25,34,48,37,39,14,43,41,5
4,2,6,60,38.65,45,42,17,32,22,29,41,1
12,8,9,101,39.25,34,52,37,39,14,14,35,5
3,8,6,117,39.25,34,52,37,39,43,35,38,5
12,2,9,107,38.65,49,19,54,34,51,44,37,0
4,8,6,44,39.25,45,32,17,42,36,28,22,1
12,2,9,31,38.65,52,39,37,34,31,31,31,5
4,8,6,56,39.25,23,39,32,27,38,21,48,11
4,2,9,10,38.65,32,20,36,50,37,14,36,7
4,8,6,109,39.25,40,16,32,53,21,24,24,10
4,8,6,76,39.25,26,37,46,18,31,22,14,15
4,8,6,110,39.25,17,45,32,22,50,14,54,1
12,2,6,102,38.65,42,17,32,41,14,31,22,1
3,8,6,10,39.25,53,40,32,16,29,25,22,10
12,2,6,105,38.65,16,32,53,40,24,14,21,10
3,2,6,14,38.65,17,45,42,32,14,54,33,1
3,8,6,37,39.25,23,39,27,32,36,50,48,11
4,2,9,51,38.65,34,39,52,37,21,48,21,5
3,2,9,30,38.65,32,54,55,18,51,25,21,13
4,8,6,14,39.25,32,36,20,43,35,22,36,7
3,2,6,89,38.65,32,42,17,45,36,14,50,1
12,2,9,114,38.65,23,27,39,32,28,21,14,11
3,8,9,110,39.25,34,52,37,39,31,25,24,5
4,8,6,21,39.25,34,24,54,19,41,48,14,0
4,8,6,14,39.25,32,30,20,36,35,29,33,7
4,8,6,38,39.25,45,42,32,14,48,14,14,1
12,8,6,49,39.25,23,27,39,32,37,21,37,11
12,8,9,94,39.25,23,39,32,27,24,14,14,11
3,8,9,47,39.25,55,32,18,54,22,35,28,13
12,2,6,104,38.65,23,39,32,27,33,44,31,11
3,8,9,89,39.25,46,18,55,26,14,41,25,15
3,8,9,47,39.25,18,54,32,55,43,21,43,13
3,8,6,28,39.25,36,32,30,20,14,38,54,7
3,2,9,26,38.65,34,24,37,39,31,38,35,5
3,2,9,48,38.65,23,27,32,39,25,41,38,11
3,2,6,44,38.65,17,45,42,32,29,44,35,1
4,2,6,72,38.65,32,20,36,30,31,48,25,7
4,2,6,73,38.65,26,55,46,18,33,33,14,15
3,8,6,73,39.25,46,26,35,55,51,54,36,15
4,8,9,7,39.25,52,37,39,34,29,43,37,5
12,2,9,15,38.65,20,32,30,36,47,36,28,7
3,8,6,104,39.25,32,20,36,30,50,33,22,7
4,8,6,27,39.25,32,20,36,30,28,36,14,7
3,2,6,28,38.65,49,19,34,54,43,14,28,0
12,8,9,104,39.25,18,54,55,32,44,37,14,13
4,2,9,64,38.65,49,34,54,19,22,28,14,0
3,8,9,15,39.25,26,46,18,55,38,35,43,15
3,2,9,26,38.65,39,23,32,27,14,14,33,11
12,8,6,92,39.25,37,39,52,14,44,41,14,5
12,2,9,6,38.65,49,54,34,19,48,14,14,0
12,8,6,65,39.25,52,39,34,37,14,43,14,5
12,8,6,115,39.25,17,32,42,45,33,24,54,1
4,2,6,79,38.65,17,45,42,32,50,14,37,1
4,2,9,10,38.65,18,55,32,54,54,44,44,13
12,8,9,109,39.25,38,52,37,39,33,35,36,5
3,2,6,42,38.65,17,32,45,42,33,41,44,1
12,2,6,61,38.65,32,16,53,40,29,50,21,10
12,8,6,92,39.25,17,45,42,32,35,38,28,1
12,2,9,5,38.65,37,52,39,34,38,48,41,5
3,8,6,8,39.25,34,52,37,39,14,51,14,5
3,2,6,67,38.65,18,55,26,46,14,44,41,15
4,8,6,103,39.25,53,16,32,40,22,36,14,10
3,8,6,49,39.25,46,26,18,55,14,14,50,15
3,2,9,37,38.65,23,27,32,39,36,29,31,11
4,8,9,110,39.25,34,14,37,39,14,37,28,5
12,2,6,114,38.65,34,52,39,37,41,37,47,5
4,8,9,109,39.25,34,52,37,39,54,44,35,5
12,2,6,62,38.65,16,32,53,14,35,38,54,10
4,8,6,116,39.25,20,36,32,30,43,43,43,7
3,2,9,30,38.65,37,14,52,39,14,14,37,5
4,2,6,1,38.65,53,16,40,32,24,14,50,10
3,8,6,12,39.25,39,27,23,32,35,51,29,11
4,8,6,67,39.25,18,55,38,26,54,35,22,15
12,2,6,71,38.65,51,54,18,55,50,47,29,13
12,8,6,58,39.25,37,52,39,14,35,38,41,5
3,8,6,90,39.25,39,23,27,32,41,25,14,11
3,8,6,25,39.25,39,34,37,52,38,33,54,5
3,8,6,42,39.25,55,26,46,18,48,24,43,15
4,8,9,62,39.25,18,55,32,54,36,22,24,13
3,2,6,41,38.65,17,32,45,42,51,21,37,1
4,8,6,85,39.25,32,20,36,30,14,28,35,7
4,8,6,117,39.25,18,55,32,54,24,50,14,13
12,8,6,52,39.25,55,46,14,18,43,38,41,15
3,2,9,35,38.65,20,30,32,36,14,47,33,7
4,2,6,52,38.65,32,27,39,23,48,44,14,11
3,8,9,33,39.25,27,39,23,32,14,48,25,11
3,8,9,86,39.25,26,47,46,18,36,43,29,15
12,8,6,116,39.25,34,52,37,39,38,44,14,5
3,2,9,36,38.65,27,32,39,23,28,14,48,11
4,2,6,120,38.65,32,20,36,30,43,14,14,7
4,2,9,45,38.65,32,20,36,30,51,14,54,7
4,2,6,58,38.65,17,45,42,32,41,21,21,1
4,8,6,56,39.25,26,55,18,46,14,43,14,15
12,8,6,15,39.25,17,45,42,32,51,14,14,1
3,8,9,102,39.25,36,32,30,20,48,22,25,7
12,2,6,86,38.65,17,14,42,32,37,38,14,1
12,2,6,97,38.65,20,32,36,30,48,21,14,7
3,8,6,99,39.25,17,45,42,32,24,36,44,1
4,2,6,75,38.65,17,45,42,14,24,28,25,1
3,2,9,104,38.65,34,52,37,39,14,14,22,5
4,8,9,86,39.25,23,39,32,33,37,28,25,11
3,8,9,67,39.25,49,19,34,54,14,14,54,0
12,2,9,86,38.65,22,32,20,30,44,47,35,7
12,2,6,75,38.65,39,23,27,32,37,41,36,11
3,2,6,15,38.65,53,16,32,40,21,14,47,10
12,2,9,12,38.65,39,14,32,23,43,24,44,11
3,2,6,117,38.65,54,18,32,55,41,50,14,13
12,8,6,98,39.25,32,23,27,39,35,25,28,11
12,8,6,91,39.25,34,52,37,39,14,54,37,5
12,2,6,118,38.65,26,55,46,18,54,37,37,15
3,8,6,110,39.25,49,19,34,54,41,14,22,0
4,8,9,103,39.25,30,36,32,20,50,14,28,7
12,8,9,107,39.25,34,37,39,52,14,54,14,5
12,8,6,104,39.25,16,32,40,14,44,51,14,10
4,2,6,17,38.65,38,14,53,32,43,48,38,10
4,8,6,57,39.25,42,17,45,32,14,14,54,1
3,2,6,95,38.65,36,32,20,30,54,54,43,7
4,2,9,88,38.65,19,49,54,34,44,33,28,0
3,2,9,106,38.65,24,46,26,55,38,38,50,15
3,8,6,94,39.25,54,32,55,14,29,36,14,13
12,2,6,48,38.65,39,27,14,35,24,31,31,11
3,8,6,94,39.25,53,14,40,32,37,14,24,10
4,2,6,106,38.65,26,55,46,18,43,48,48,15
3,8,6,117,39.25,34,19,54,51,31,31,25,0
4,2,6,53,38.65,26,46,18,55,48,50,37,15
3,2,9,114,38.65,34,52,37,39,37,43,31,5
3,8,6,38,39.25,42,17,32,45,48,24,36,1
12,2,6,65,38.65,46,55,26,18,21,29,14,15
4,2,6,72,38.65,26,18,55,46,44,41,29,15
4,8,6,90,39.25,32,14,17,45,14,14,21,1
12,2,6,1,38.65,32,42,45,17,51,48,50,1
12,8,6,106,39.25,49,19,34,14,25,14,36,0
4,8,6,36,39.25,34,52,37,39,48,25,33,5
3,8,9,20,39.25,55,46,18,26,35,35,14,15
3,8,6,73,39.25,42,17,45,32,24,24,24,1
4,8,9,26,39.25,34,37,39,52,29,37,14,5
3,8,6,29,39.25,39,27,32,23,14,51,37,11
4,2,6,12,38.65,32,20,36,30,14,14,44,7
12,8,9,106,39.25,32,36,20,50,41,36,14,7
4,2,9,41,38.65,26,55,46,18,51,37,14,15
3,2,6,91,38.65,44,46,18,55,25,14,36,15
3,2,6,1,38.65,26,46,55,18,31,35,51,15
4,2,9,58,38.65,20,30,36,32,21,33,50,7
4,2,6,89,38.65,34,52,37,39,44,14,54,5
4,8,6,81,39.25,34,29,37,39,14,14,41,5
12,2,6,99,38.65,23,39,32,27,25,48,41,11
4,8,6,11,39.25,53,16,40,32,43,35,41,10
12,8,9,65,39.25,20,36,32,30,29,14,43,7
12,2,9,36,38.65,18,55,46,14,44,21,14,15
12,8,6,68,39.25,23,39,32,27,25,14,35,11
3,8,9,6,39.25,26,55,46,18,14,54,14,15
3,8,6,117,39.25,37,34,52,39,31,24,14,5
12,2,9,29,38.65,46,55,18,26,47,28,50,15
3,2,6,60,38.65,18,55,32,54,36,36,38,13
12,8,6,35,39.25,55,26,46,18,14,29,44,15
12,8,6,93,39.25,16,40,53,32,35,29,54,10
12,8,9,33,39.25,18,55,46,26,14,14,44,15
3,2,6,111,38.65,32,54,55,18,25,14,51,13
4,2,6,48,38.65,18,55,46,26,24,33,47,15
4,8,6,64,39.25,39,27,23,32,48,14,54,11
4,8,9,115,39.25,32,20,36,30,54,41,38,7
12,2,9,19,38.65,32,41,36,30,24,29,14,7
4,2,9,52,38.65,18,55,32,54,50,47,14,13
3,2,9,7,38.65,36,30,32,20,25,29,37,7
3,2,9,55,38.65,54,34,19,49,48,38,14,0
12,8,6,116,39.25,53,32,16,25,31,33,14,10
3,8,6,53,39.25,17,45,42,32,41,48,14,1
12,2,9,2,38.65,20,30,32,36,43,14,22,7
12,8,9,96,39.25,32,39,27,23,14,14,31,11
4,8,6,125,39.25,46,55,26,18,14,28,28,15
3,8,6,55,39.25,42,45,17,32,14,35,24,1
3,8,9,43,39.25,23,39,32,29,21,24,51,11
4,8,6,51,39.25,53,16,40,32,35,25,35,10
3,2,9,108,38.65,46,55,26,18,48,29,21,15
4,8,6,80,39.25,27,32,23,14,25,33,14,11
4,8,6,46,39.25,39,32,27,23,38,22,25,11
12,8,6,106,39.25,37,34,54,39,43,14,38,5
4,8,6,108,39.25,28,16,40,32,21,14,50,10
12,8,6,4,39.25,53,40,32,16,43,33,14,10
12,2,6,87,38.65,54,19,34,49,38,51,28,0
12,2,6,93,38.65,32,36,20,30,50,43,51,7
3,8,9,68,39.25,49,34,54,19,14,44,28,0
3,2,6,16,38.65,23,39,32,27,54,38,14,11
12,2,9,81,38.65,49,19,34,54,38,14,14,0
3,2,9,2,38.65,37,34,39,14,29,33,14,5
3,8,6,116,39.25,18,32,54,55,38,14,36,13
4,2,9,16,38.65,23,39,32,51,22,14,25,11
4,2,6,84,38.65,18,14,32,54,36,48,14,13
12,2,6,111,38.65,32,20,38,30,14,14,22,7
3,8,9,94,39.25,54,34,19,49,51,54,50,0
3,2,6,103,38.65,53,16,40,32,14,54,14,10
3,2,9,50,38.65,34,52,37,39,54,41,48,5
12,2,6,31,38.65,32,20,36,30,43,14,47,7
3,8,6,62,39.25,55,18,32,54,14,14,38,13
12,8,9,55,39.25,26,54,46,18,24,37,14,15
12,8,6,50,39.25,34,52,37,39,14,33,47,5
4,8,9,86,39.25,26,55,46,18,44,14,51,15
12,2,9,67,38.65,54,34,19,49,33,48,28,0
4,8,6,106,39.25,53,16,40,32,22,38,14,10
3,8,6,70,39.25,20,30,36,32,25,33,14,7
4,2,6,73,38.65,32,20,36,30,14,14,48,7
12,8,6,23,39.25,42,45,32,17,25,31,50,1
12,8,6,94,39.25,30,36,32,20,24,48,14,7
3,8,6,64,39.25,17,45,42,32,25,54,36,1
12,2,6,70,38.65,27,32,39,23,35,54,43,11
4,8,6,40,39.25,42,17,32,45,22,41,35,1
12,2,6,96,38.65,30,14,20,32,28,54,38,7
3,8,6,52,39.25,26,55,46,18,51,22,38,15
3,2,9,16,38.65,34,14,37,39,54,21,51,5
3,2,9,27,38.65,46,26,18,55,21,24,14,15
4,2,9,68,38.65,26,51,46,18,54,36,44,15
12,2,9,59,38.65,32,20,36,30,25,28,29,7
4,8,9,58,39.25,36,32,20,30,47,14,25,7
12,2,6,26,38.65,32,20,36,30,14,36,29,7
12,2,6,84,38.65,16,40,32,53,14,54,14,10
12,2,6,62,38.65,26,55,46,18,50,21,14,15
4,2,6,75,38.65,42,17,32,45,25,43,21,1
12,8,6,4,39.25,17,45,42,32,44,21,21,1
4,2,9,69,38.65,32,54,18,55,21,54,14,13
3,8,6,65,39.25,23,32,27,39,14,33,47,11
12,8,6,70,39.25,27,32,39,23,41,14,14,11
12,2,9,110,38.65,23,39,32,27,21,35,37,11
12,2,9,121,38.65,49,54,19,34,41,28,54,0
12,8,6,108,39.25,32,17,45,42,36,47,43,1
12,8,9,113,39.25,20,30,36,32,43,44,38,7
12,8,6,75,39.25,17,45,42,32,31,29,14,1
4,2,9,48,38.65,24,18,54,55,14,14,50,13
4,2,6,15,38.65,23,39,32,27,25,22,54,11
12,8,9,43,39.25,52,39,34,37,47,29,14,5
12,2,6,112,38.65,32,17,45,42,14,36,41,1
12,2,6,99,38.65,42,45,47,32,36,54,14,1
3,8,9,11,39.25,49,19,29,54,22,25,14,0
4,2,6,102,38.65,18,55,32,54,36,47,28,13
4,8,9,48,39.25,34,52,37,39,50,38,44,5
12,2,9,95,38.65,37,14,52,39,51,54,21,5
3,2,6,9,38.65,18,55,32,54,14,51,28,13
3,8,6,88,39.25,32,27,39,23,33,50,48,11
3,2,6,99,38.65,26,46,55,18,14,54,14,15
4,2,6,8,38.65,19,38,49,54,47,33,14,0
4,2,6,119,38.65,35,53,32,16,14,24,25,10
4,8,9,29,39.25,26,55,46,18,41,44,43,15
4,2,6,72,38.65,18,55,32,54,21,14,33,13
12,2,9,84,38.65,34,52,37,35,43,21,14,5
4,8,9,18,39.25,27,39,23,14,14,36,36,11
12,2,9,107,38.65,39,32,14,27,38,51,36,11
4,2,6,113,38.65,53,16,40,32,35,44,37,10
4,8,6,108,39.25,17,45,32,42,25,35,48,1
12,2,6,83,38.65,27,39,23,32,14,38,36,11
3,2,6,64,38.65,17,45,25,32,22,48,41,1
4,2,9,99,38.65,26,55,46,18,44,35,24,15
4,2,9,77,38.65,19,34,14,49,41,37,14,0
3,8,6,126,39.25,18,55,32,54,33,14,54,13
3,8,9,114,39.25,27,39,32,14,29,14,29,11
12,2,6,41,38.65,39,34,52,37,14,48,50,5
3,2,6,46,38.65,54,49,19,34,28,37,28,0
12,8,6,37,39.25,36,14,32,20,14,36,14,7
12,8,9,83,39.25,30,14,32,36,25,36,14,7
4,2,6,82,38.65,34,19,54,49,48,37,25,0
4,2,6,47,38.65,18,55,32,54,51,48,51,13
4,2,6,79,38.65,34,52,37,39,14,21,48,5
12,8,9,119,39.25,27,23,39,32,29,35,14,11
12,2,6,46,38.65,45,32,17,14,14,43,51,1
4,8,9,25,39.25,23,39,32,27,35,21,37,11
12,8,9,4,39.25,39,52,14,14,21,24,47,5
4,8,6,88,39.25,39,32,23,27,33,36,22,11
3,8,6,118,39.25,55,26,18,46,14,25,33,15
3,8,9,119,39.25,39,23,27,32,28,31,14,11
4,8,9,65,39.25,34,39,52,37,14,33,44,5
4,8,6,93,39.25,32,23,27,39,44,50,14,11
12,2,9,53,38.65,26,55,46,18,28,41,41,15
12,2,9,11,38.65,32,20,36,30,25,24,14,7
4,2,6,29,38.65,30,20,32,36,14,14,29,7
12,8,9,14,39.25,47,55,46,18,47,37,36,15
3,2,6,25,38.65,49,19,34,54,31,14,54,0
4,8,9,46,39.25,19,34,54,49,14,33,24,0
12,8,9,21,39.25,26,55,46,18,50,50,33,15
3,8,6,111,39.25,53,16,40,32,14,31,14,10
12,2,6,90,38.65,26,55,46,18,35,54,25,15
4,8,6,87,39.25,18,32,55,54,22,51,24,13
3,2,6,48,38.65,45,32,42,17,43,28,36,1
12,2,9,70,38.65,39,27,23,32,33,14,51,11
12,8,9,117,39.25,49,19,34,54,41,24,47,0
3,8,9,58,39.25,32,20,36,30,35,38,28,7
12,8,6,108,39.25,23,32,39,27,14,41,14,11
12,2,9,37,38.65,34,52,37,39,14,33,25,5
12,2,6,111,38.65,23,39,32,27,54,33,33,11
12,8,9,104,39.25,32,20,36,30,44,24,22,7
12,8,9,41,39.25,18,55,32,54,14,14,28,13
4,8,6,111,39.25,17,14,47,32,33,28,54,1
12,8,9,60,39.25,26,55,18,25,28,14,22,15
3,2,6,111,38.65,32,53,40,16,43,48,21,10
4,2,9,101,38.65,32,20,36,30,54,14,21,7
4,2,6,44,38.65,42,32,45,17,47,14,36,1
3,2,6,22,38.65,17,45,42,32,14,47,14,1
4,2,6,81,38.65,35,30,20,32,48,50,14,7
12,8,6,14,39.25,34,52,37,39,21,41,38,5
12,8,9,113,39.25,34,52,37,39,28,24,50,5
4,8,6,52,39.25,32,45,42,17,50,14,29,1
12,2,6,29,38.65,40,32,16,53,14,31,37,10
4,8,6,4,39.25,18,55,32,54,41,48,43,13
4,2,9,50,38.65,32,18,55,54,47,54,48,13
12,8,6,83,39.25,36,32,30,20,28,38,14,7
3,2,6,115,38.65,53,14,40,32,47,29,54,10
12,8,9,52,39.25,26,46,18,55,51,35,14,15
12,2,6,102,38.65,39,23,32,14,51,14,14,11
3,8,6,33,39.25,40,32,14,14,37,14,24,10
4,2,9,100,38.65,18,26,14,55,14,48,54,15
3,8,6,21,39.25,32,20,36,30,51,25,14,7
12,8,6,10,39.25,34,52,37,39,38,41,24,5
12,2,6,62,38.65,27,32,23,39,38,33,43,11
12,2,9,36,38.65,39,34,52,37,41,50,14,5
4,8,6,15,39.25,39,27,23,14,51,48,14,11
4,2,9,74,38.65,39,32,27,23,54,14,41,11
4,2,6,103,38.65,52,34,37,39,25,14,14,5
4,2,9,103,38.65,39,32,27,23,50,33,43,11
12,2,9,1,38.65,23,27,32,39,14,43,54,11
12,8,9,55,39.25,26,55,46,14,14,21,35,15
12,8,6,105,39.25,45,42,17,14,14,14,29,1
12,2,6,43,38.65,54,34,49,19,31,31,54,0
4,8,6,15,39.25,39,14,14,52,24,25,51,5
4,2,6,69,38.65,17,45,32,42,21,21,51,1
4,8,6,28,39.25,17,45,42,32,21,22,54,1
4,2,9,27,38.65,32,36,20,30,22,35,31,7
3,2,9,13,38.65,54,19,49,34,14,37,38,0
12,8,9,59,39.25,20,36,32,30,50,21,50,7
4,8,6,92,39.25,34,52,37,39,48,37,51,5
4,8,6,20,39.25,34,52,37,39,37,47,31,5
3,8,6,1,39.25,53,16,40,32,22,38,14,10
4,8,6,86,39.25,18,55,14,54,36,14,24,13
4,2,9,54,38.65,26,55,46,18,21,14,14,15
3,8,6,96,39.25,37,52,39,34,14,35,44,5
3,8,6,92,39.25,32,39,23,27,25,50,41,11
12,2,6,102,38.65,32,14,36,20,37,33,14,7
3,8,9,117,39.25,46,54,26,18,29,29,14,15
12,8,6,18,39.25,26,46,18,55,51,21,33,15
3,8,9,27,39.25,54,18,55,32,14,38,14,13
3,2,6,106,38.65,39,37,34,52,35,28,29,5
12,8,6,49,39.25,32,20,30,36,35,37,14,7
4,2,6,114,38.65,26,18,55,46,31,33,14,15
3,8,9,86,39.25,18,55,22,54,14,51,43,13
4,8,9,96,39.25,55,46,18,14,50,35,54,15
4,2,9,33,38.65,32,20,36,30,36,47,14,7
4,2,9,65,38.65,18,55,32,54,38,35,21,13
4,8,9,14,39.25,26,55,46,18,37,50,35,15
12,2,9,35,38.65,52,34,37,39,22,14,14,5
4,8,9,64,39.25,32,20,36,30,24,44,14,7
3,8,9,57,39.25,36,30,33,32,36,28,25,7
12,8,6,56,39.25,42,45,32,17,51,22,51,1
3,2,9,105,38.65,32,30,20,36,44,48,14,7
3,8,9,103,39.25,54,19,34,49,22,54,35,0
12,8,9,106,39.25,34,52,37,39,25,31,29,5
12,2,9,27,38.65,30,36,20,32,35,41,37,7
4,2,6,97,38.65,53,16,40,32,14,51,43,10
12,2,6,51,38.65,49,54,34,19,14,14,48,0
4,8,9,36,39.25,47,49,19,34,43,47,36,0
12,8,6,1,39.25,32,16,53,40,14,54,33,10
3,8,6,75,39.25,24,39,32,27,33,43,35,11
3,2,9,1,38.65,32,20,30,36,14,47,47,7
3,8,6,61,39.25,30,36,20,14,54,35,21,7
12,8,9,1,39.25,18,55,26,14,22,43,14,15
12,8,6,85,39.25,39,27,23,32,14,14,33,11
4,8,9,45,39.25,18,46,55,26,41,14,48,15
12,8,6,40,39.25,32,42,45,17,28,31,21,1
4,8,9,40,39.25,23,32,39,14,44,14,38,11
4,8,9,30,39.25,26,46,18,55,14,14,37,15
3,2,9,25,38.65,32,23,39,27,43,25,22,11
12,2,9,81,38.65,49,19,34,54,48,43,14,0
12,2,9,59,38.65,36,14,38,32,21,41,14,7
4,8,6,41,39.25,49,19,34,54,14,25,14,0
12,8,9,13,39.25,46,55,26,18,48,41,22,15
4,8,6,48,39.25,53,16,40,32,14,14,50,10
3,8,6,1,39.25,55,18,32,14,48,14,25,13
4,2,6,46,38.65,17,45,42,32,28,33,25,1
4,8,9,85,39.25,34,14,37,39,14,35,14,5
12,2,6,20,38.65,55,18,54,32,43,44,50,13
4,2,9,64,38.65,34,52,37,39,31,47,54,5
12,8,9,16,39.25,34,52,37,39,48,25,44,5
12,8,9,97,39.25,27,39,23,32,48,25,14,11
12,2,9,98,38.65,26,55,46,18,14,28,21,15
4,2,9,1,38.65,36,30,32,20,47,51,48,7
12,8,6,43,39.25,26,55,46,14,29,28,14,15
12,2,6,119,38.65,34,37,52,39,21,14,31,5
12,2,9,68,38.65,26,55,46,18,36,36,29,15
12,2,6,103,38.65,18,55,32,54,50,48,43,13
3,8,9,94,39.25,23,39,32,27,50,50,28,11
12,8,6,22,39.25,30,36,32,20,41,43,14,7
3,8,9,12,39.25,37,39,34,14,41,41,31,5
3,8,6,5,39.25,46,18,26,14,51,21,35,15
4,2,6,91,38.65,17,31,42,32,24,14,38,1
4,2,6,125,38.65,37,52,34,39,50,21,14,5
3,8,6,69,39.25,40,53,16,32,51,29,36,10
4,2,6,50,38.65,49,19,34,54,35,44,33,0
3,8,6,116,39.25,33,27,39,23,48,38,24,11
4,2,9,14,38.65,26,55,46,18,41,22,24,15
3,8,9,99,39.25,32,30,20,14,37,14,29,7
4,2,9,104,38.65,52,37,39,14,14,31,29,5
12,8,9,57,39.25,46,26,18,55,14,31,25,15
3,8,9,79,39.25,18,55,32,54,21,21,14,13
12,2,6,26,38.65,34,52,39,37,14,28,48,5
12,8,9,43,39.25,34,52,37,39,38,44,14,5
3,2,9,93,38.65,39,34,52,37,14,14,14,5
4,8,6,52,39.25,17,42,32,45,33,28,54,1
12,8,6,58,39.25,34,52,37,39,14,14,54,5
12,8,6,9,39.25,17,45,42,32,14,25,14,1
12,2,9,102,38.65,26,46,18,55,25,41,41,15
12,8,6,64,39.25,31,45,32,42,35,29,47,1
3,8,6,78,39.25,32,42,14,17,35,37,14,1
4,8,6,86,39.25,34,52,38,39,28,21,35,5
4,2,9,1,38.65,39,32,27,23,22,14,14,11
12,8,6,58,39.25,34,52,37,39,25,14,47,5
4,8,9,22,39.25,26,55,46,18,38,35,33,15
3,2,9,78,38.65,18,55,32,54,25,38,28,13
12,2,9,45,38.65,26,55,46,18,14,41,51,15
4,2,9,106,38.65,23,39,32,27,43,36,37,11
12,2,9,37,38.65,19,49,54,34,25,14,35,0
3,2,9,66,38.65,30,36,20,32,22,50,43,7
12,2,6,33,38.65,16,53,40,32,14,41,48,10
3,8,9,11,39.25,23,39,32,27,14,31,43,11
4,2,6,42,38.65,52,34,39,37,38,14,14,5
3,2,6,27,38.65,32,17,45,42,44,14,35,1
12,2,6,95,38.65,17,32,42,45,14,37,25,1
4,8,6,68,39.25,30,32,36,20,36,14,25,7
4,2,6,5,38.65,32,23,39,27,50,14,25,11
4,2,6,59,38.65,17,45,42,32,14,35,41,1
12,2,6,27,38.65,32,18,55,54,48,36,37,13
3,2,9,72,38.65,34,52,39,37,38,51,48,5
4,2,6,34,38.65,18,55,32,54,22,21,54,13
4,2,9,22,38.65,34,52,37,39,28,14,47,5
12,2,6,109,38.65,18,55,32,54,14,51,37,13
4,2,9,115,38.65,32,20,14,36,48,47,28,7
12,8,6,83,39.25,21,32,20,30,33,44,21,7
4,8,6,51,39.25,36,20,32,30,36,14,28,7
4,8,6,41,39.25,49,19,34,54,21,14,36,0
12,8,9,25,39.25,26,55,46,14,14,29,41,15
4,2,6,70,38.65,39,27,23,32,33,21,48,11
12,2,6,40,38.65,45,42,14,17,36,37,37,1
3,8,6,35,39.25,26,55,18,46,31,14,33,15
4,2,9,38,38.65,18,55,54,32,38,14,21,13
12,8,6,21,39.25,32,16,40,53,54,31,14,10
3,8,9,113,39.25,54,14,18,32,35,41,51,13
12,2,6,70,38.65,39,34,52,37,22,28,50,5
4,8,9,79,39.25,39,27,23,32,36,29,31,11
12,2,9,3,38.65,26,55,18,46,35,28,36,15
3,8,9,94,39.25,30,32,20,36,36,48,14,7
12,2,6,80,38.65,16,32,40,53,14,35,50,10
12,8,6,22,39.25,32,17,42,41,48,37,47,1
4,2,9,69,38.65,34,52,37,39,48,47,38,5
3,2,9,22,38.65,20,30,32,36,25,14,24,7
4,2,6,1,38.65,17,45,42,32,44,37,14,1
3,8,6,124,39.25,18,55,32,54,38,25,29,13
4,8,9,16,39.25,18,55,32,54,36,29,14,13
3,2,6,72,38.65,55,18,54,32,48,24,14,13
4,8,6,125,39.25,26,55,46,18,14,29,48,15
4,2,6,67,38.65,49,19,34,54,29,29,44,0
4,8,9,113,39.25,36,41,14,14,24,14,50,7
3,8,6,25,39.25,53,14,40,32,14,38,44,10
12,8,6,16,39.25,45,17,32,42,37,14,14,1
4,2,9,70,38.65,28,32,39,23,24,14,54,11
12,8,9,118,39.25,32,14,36,30,28,28,37,7
4,8,6,122,39.25,45,42,32,17,38,14,31,1
12,8,6,109,39.25,17,32,42,45,54,24,50,1
3,2,6,87,38.65,39,14,52,14,37,14,51,5
4,8,6,22,39.25,16,53,22,32,43,25,44,10
4,2,9,64,38.65,20,32,36,30,43,54,14,7
3,8,9,83,39.25,32,20,36,14,14,38,14,7
3,2,9,91,38.65,32,20,36,30,36,14,14,7
4,8,9,58,39.25,18,55,54,32,51,51,35,13
4,8,9,35,39.25,46,18,26,55,25,51,36,15
12,2,9,76,38.65,55,18,54,54,50,43,51,13
12,8,6,117,39.25,17,45,32,42,54,51,24,1
3,2,6,106,38.65,26,55,46,18,47,28,25,15
4,2,9,21,38.65,54,32,18,55,14,38,47,13
3,2,9,112,38.65,32,20,36,30,44,14,41,7
3,2,6,88,38.65,32,42,17,14,50,14,14,1
4,2,9,13,38.65,23,39,32,27,43,24,47,11
4,8,9,103,39.25,36,20,30,32,38,47,14,7
12,8,9,104,39.25,32,20,36,30,51,47,47,7
3,2,6,97,38.65,34,54,49,14,14,29,37,0
4,2,9,20,38.65,23,39,32,27,44,14,48,11
12,8,9,72,39.25,32,20,30,36,35,51,14,7
4,2,6,85,38.65,53,16,40,32,14,38,14,10
4,8,9,57,39.25,23,27,39,32,14,14,48,11
3,8,6,106,39.25,39,37,34,52,14,14,54,5
4,2,9,99,38.65,26,55,46,14,24,25,51,15
4,2,6,13,38.65,34,52,14,39,29,48,51,5
3,2,6,35,38.65,23,39,32,27,47,43,14,11
4,2,9,1,38.65,34,52,37,39,21,36,54,5
3,2,6,25,38.65,53,16,40,32,31,14,54,10
12,8,6,1,39.25,18,55,32,54,22,21,31,13
12,2,6,100,38.65,18,55,35,54,14,14,25,13
3,8,9,82,39.25,26,38,46,18,50,47,38,15
3,8,9,101,39.25,23,39,32,27,14,14,51,11
3,2,6,106,38.65,17,45,42,32,14,14,29,1
3,2,6,35,38.65,54,49,19,34,50,22,21,0
12,8,6,61,39.25,42,32,17,45,14,37,33,1
12,8,9,59,39.25,54,18,55,32,28,43,28,13
3,2,6,28,38.65,16,40,32,53,14,36,35,10
4,2,9,57,38.65,39,23,27,32,48,33,14,11
4,8,6,91,39.25,45,17,32,42,24,33,51,1
3,2,6,80,38.65,32,30,14,20,24,51,33,7
4,8,6,62,39.25,32,20,14,30,36,35,38,7
4,2,6,96,38.65,17,45,42,32,14,35,33,1
4,8,6,99,39.25,53,32,40,16,44,51,31,10
4,8,6,51,39.25,53,16,40,32,14,31,54,10
12,2,6,1,38.65,32,14,45,42,37,38,14,1
3,8,9,55,39.25,32,20,36,30,31,21,14,7
4,2,9,22,38.65,34,19,49,54,21,22,43,0
4,2,9,36,38.65,23,32,14,27,14,14,44,11
12,8,6,53,39.25,32,40,16,53,14,54,14,10
3,2,6,6,38.65,17,42,45,32,33,44,21,1
4,2,9,115,38.65,52,34,37,39,21,35,35,5
4,8,6,58,39.25,23,39,32,27,21,21,14,11
12,8,6,42,39.25,46,18,55,14,29,31,21,15
4,8,9,1,39.25,55,54,24,14,14,14,14,13
4,2,9,112,38.65,34,19,49,54,22,37,36,0
3,2,6,54,38.65,53,16,40,32,37,31,43,10
3,8,6,66,39.25,46,26,55,18,33,54,43,15
4,2,9,116,38.65,55,26,18,46,28,38,14,15
12,8,6,97,39.25,26,55,46,18,37,14,38,15
12,2,6,24,38.65,53,16,40,32,14,51,36,10
4,2,6,68,38.65,54,14,49,19,33,37,14,0
12,8,6,70,39.25,32,20,14,30,14,44,14,7
12,8,6,115,39.25,18,46,26,47,24,51,24,15
4,2,6,27,38.65,17,45,42,32,14,47,14,1
12,8,6,58,39.25,32,20,14,36,24,24,29,7
3,2,6,116,38.65,45,17,42,32,38,28,37,1
4,8,6,106,39.25,16,53,40,32,14,24,14,10
4,2,6,9,38.65,17,45,42,32,33,35,36,1
12,2,6,77,38.65,34,14,52,39,47,51,50,5
12,2,6,34,38.65,17,45,42,32,14,24,24,1
4,2,9,66,38.65,39,27,32,23,22,14,21,11
4,2,6,123,38.65,36,32,20,30,33,43,14,7
3,8,6,116,39.25,26,18,46,55,37,14,50,15
4,2,6,72,38.65,27,32,23,39,33,28,21,11
3,8,9,86,39.25,34,52,37,39,14,51,14,5
4,8,6,89,39.25,46,26,18,55,14,14,28,15
3,8,9,81,39.25,55,54,32,18,48,37,14,13
12,8,6,19,39.25,42,45,17,32,37,24,29,1
4,2,9,56,38.65,34,14,37,39,35,14,43,5
4,8,9,67,39.25,26,14,46,18,36,29,14,15
3,8,6,97,39.25,18,55,32,54,35,54,36,13
3,8,9,21,39.25,49,19,34,54,31,31,14,0
3,2,6,43,38.65,30,20,32,50,14,33,14,7
12,8,9,63,39.25,34,37,39,52,14,24,14,5
3,2,6,27,38.65,34,52,37,39,33,44,50,5
4,8,6,41,39.25,53,40,16,32,29,38,14,10
4,8,6,24,39.25,46,18,26,55,24,47,29,15
4,8,6,122,39.25,45,17,42,32,14,48,24,1
4,8,6,93,39.25,17,45,42,32,44,37,14,1
12,2,6,110,38.65,17,45,42,32,44,14,36,1
3,2,6,25,38.65,32,20,14,30,51,22,43,7
4,2,9,50,38.65,34,54,49,19,14,29,14,0
3,8,6,88,39.25,23,39,32,14,14,35,25,11
4,8,9,59,39.25,18,46,26,55,14,14,36,15
3,2,6,105,38.65,23,39,32,27,37,25,31,11
3,8,6,46,39.25,53,16,21,32,14,31,37,10
4,2,9,94,38.65,23,39,27,32,14,24,50,11
4,2,6,50,38.65,17,45,42,32,33,38,36,1
4,8,6,46,39.25,49,19,34,54,14,36,44,0
4,8,6,4,39.25,18,55,32,54,22,50,44,13
4,8,6,5,39.25,23,39,32,27,33,31,54,11
3,8,6,12,39.25,53,16,40,32,31,54,22,10
4,8,6,42,39.25,53,16,32,40,14,24,50,10
12,8,9,94,39.25,52,34,37,39,14,35,24,5
12,8,6,42,39.25,40,16,32,14,48,14,33,10
12,2,6,49,38.65,42,32,45,17,25,14,14,1
12,8,9,88,39.25,32,36,30,20,22,14,29,7
12,8,9,94,39.25,34,52,37,39,44,14,48,5
3,2,9,69,38.65,35,26,46,18,14,36,14,15
4,2,9,38,38.65,49,19,34,54,50,25,38,0
3,2,9,8,38.65,32,23,27,39,14,14,28,11
4,8,6,53,39.25,49,34,54,19,25,38,50,0
3,8,6,97,39.25,23,39,32,27,44,14,43,11
4,2,6,33,38.65,40,14,16,32,44,14,14,10
4,8,6,52,39.25,17,45,42,32,21,36,37,1
3,2,6,52,38.65,34,52,37,39,21,50,35,5
12,8,9,84,39.25,54,14,34,19,43,38,14,0
4,8,6,81,39.25,32,20,36,30,38,47,14,7
12,8,6,39,39.25,34,52,37,39,29,22,48,5
3,8,6,40,39.25,32,20,36,30,29,14,47,7
12,8,6,44,39.25,45,32,14,42,50,43,44,1
12,2,9,82,38.65,34,39,52,37,31,24,48,5
3,8,6,48,39.25,53,16,40,32,51,47,14,10
3,2,6,47,38.65,32,18,55,54,29,47,38,13
4,8,6,24,39.25,17,45,42,32,44,54,21,1
12,2,6,110,38.65,18,55,46,26,36,51,14,15
4,8,9,68,39.25,32,20,36,30,50,22,22,7
12,8,6,123,39.25,17,42,45,32,14,14,25,1
12,2,9,40,38.65,20,30,36,32,25,14,14,7
4,8,6,88,39.25,54,49,34,19,37,14,44,0
12,8,9,37,39.25,26,46,55,18,14,36,37,15
3,8,6,49,39.25,39,37,34,52,35,36,14,5
12,2,6,108,38.65,26,46,55,18,47,38,21,15
12,2,6,96,38.65,17,14,42,32,50,43,25,1
4,2,6,62,38.65,46,14,18,26,14,29,25,15
3,2,9,21,38.65,51,55,32,54,38,36,33,13
4,2,9,35,38.65,32,20,36,30,44,31,22,7
4,8,9,81,39.25,34,52,37,39,21,41,14,5
12,8,9,16,39.25,26,55,46,18,43,44,44,15
3,8,9,75,39.25,26,55,46,18,38,35,25,15
4,2,6,26,38.65,53,16,32,40,54,25,44,10
4,2,6,12,38.65,32,45,17,42,14,37,48,1
12,2,6,51,38.65,49,19,34,54,14,29,25,0
12,8,6,76,39.25,32,20,36,14,38,37,47,7
12,2,9,74,38.65,23,39,14,27,38,48,51,11
4,8,9,84,39.25,52,37,14,39,41,41,50,5
4,2,9,96,38.65,26,46,18,55,50,14,48,15
12,8,9,26,39.25,55,46,18,26,51,14,37,15
4,8,9,37,39.25,34,52,37,39,33,24,14,5
3,2,6,72,38.65,17,45,43,14,14,21,36,1
4,2,6,56,38.65,30,20,36,32,14,35,25,7
12,8,9,99,39.25,41,52,37,39,37,43,35,5
4,8,9,1,39.25,49,19,34,54,31,14,22,0
12,8,9,43,39.25,26,55,46,18,38,48,51,15
4,8,9,64,39.25,32,27,31,14,14,14,35,11
3,8,6,122,39.25,52,37,34,39,51,54,14,5
4,2,6,69,38.65,18,14,32,54,48,51,14,13
12,8,9,65,39.25,48,32,54,23,35,41,14,11
12,2,6,1,38.65,46,26,18,55,14,47,44,15
12,2,6,30,38.65,27,32,47,39,14,14,29,11
3,8,9,60,39.25,18,55,32,54,54,41,24,13
3,2,6,31,38.65,54,14,19,34,14,14,21,0
4,8,6,123,39.25,17,45,42,32,35,47,21,1
4,2,6,72,38.65,49,19,34,54,41,33,14,0
4,2,6,4,38.65,32,45,17,42,43,14,28,1
12,8,6,81,39.25,23,27,39,32,24,51,28,11
4,2,9,62,38.65,18,55,32,54,33,50,21,13
4,2,9,89,38.65,26,18,46,55,28,14,50,15
3,8,6,78,39.25,34,37,52,39,47,48,43,5
4,2,9,95,38.65,34,52,37,39,41,22,22,5
4,8,6,68,39.25,26,55,46,33,41,14,28,15
12,8,6,28,39.25,32,20,22,30,54,36,33,7
12,2,9,9,38.65,32,20,36,30,28,22,47,7
12,8,9,18,39.25,36,20,30,32,14,54,44,7
4,2,9,67,38.65,49,19,34,54,50,37,21,0
4,8,6,49,39.25,39,34,52,37,43,43,47,5
4,2,6,96,38.65,39,23,27,32,38,48,14,11
3,8,9,38,39.25,55,18,32,54,35,14,21,13
12,2,6,79,38.65,32,39,27,23,31,29,41,11
3,2,6,58,38.65,17,32,45,36,50,38,14,1
3,2,9,45,38.65,34,52,14,39,14,33,41,5
3,2,9,79,38.65,27,23,32,14,24,43,31,11
3,2,9,7,38.65,18,46,55,26,25,44,43,15
3,2,9,23,38.65,23,32,27,39,48,14,43,11
3,2,6,48,38.65,17,45,42,32,14,24,14,1
12,2,6,1,38.65,46,18,55,26,14,28,31,15
3,2,6,95,38.65,53,16,40,32,37,50,44,10
3,8,9,78,39.25,26,18,55,37,14,28,33,15
4,8,6,44,39.25,53,16,40,32,38,33,37,10
3,8,9,54,39.25,34,39,52,14,35,24,54,5
12,2,9,113,38.65,49,19,14,54,38,14,38,0
12,2,6,106,38.65,30,14,20,32,33,50,36,7
3,2,6,104,38.65,39,14,37,52,44,47,21,5
4,8,6,47,39.25,53,16,40,32,14,29,14,10
3,8,6,79,39.25,27,23,39,32,14,14,14,11
4,2,6,64,38.65,53,16,40,32,51,41,44,10
3,8,9,91,39.25,49,19,34,54,14,33,14,0
4,8,9,121,39.25,27,32,39,23,50,14,36,11
4,2,6,96,38.65,53,16,40,32,14,51,38,10
12,8,6,102,39.25,17,45,42,14,48,14,24,1
3,2,6,18,38.65,18,55,32,54,14,33,22,13
3,8,9,10,39.25,36,20,14,32,43,47,14,7
4,2,9,87,38.65,52,39,34,37,14,50,48,5
4,2,6,93,38.65,17,45,42,32,43,21,22,1
4,2,6,77,38.65,23,27,32,39,14,14,24,11
3,8,9,111,39.25,32,20,36,30,44,14,43,7
12,8,6,34,39.25,39,27,32,23,14,44,14,11
4,2,6,28,38.65,45,32,17,47,28,51,35,1
12,8,6,61,39.25,53,16,14,32,33,43,35,10
3,2,9,95,38.65,23,39,32,27,35,38,21,11
12,2,9,16,38.65,18,26,37,46,43,36,29,15
12,2,6,62,38.65,34,52,37,39,51,44,51,5
3,2,6,59,38.65,32,33,27,23,21,21,38,11
12,8,6,15,39.25,18,55,46,26,51,33,28,15
12,2,9,63,38.65,52,37,39,34,14,24,29,5
3,2,9,34,38.65,18,55,32,54,48,35,33,13
4,2,6,18,38.65,54,14,55,32,54,29,38,13
12,8,9,88,39.25,18,26,46,55,48,14,28,15
4,8,6,2,39.25,32,20,36,30,24,33,14,7
12,8,9,28,39.25,28,20,36,30,48,50,43,7
3,2,6,21,38.65,32,27,23,39,47,31,37,11
3,2,6,112,38.65,34,52,37,39,14,14,14,5
12,2,9,74,38.65,23,39,44,29,14,14,14,11
12,2,6,112,38.65,23,39,32,27,47,14,21,11
4,2,9,78,38.65,30,36,20,32,38,21,31,7
12,2,9,4,38.65,26,55,46,18,43,14,43,15
3,2,6,48,38.65,34,52,37,39,14,24,48,5
4,8,6,16,39.25,37,34,39,52,41,43,35,5
3,8,9,32,39.25,32,18,54,55,50,29,37,13
3,2,6,25,38.65,53,25,32,16,24,47,33,10
3,2,9,55,38.65,34,52,37,39,14,25,33,5
12,2,9,18,38.65,23,39,32,27,22,14,22,11
12,2,6,35,38.65,17,45,42,32,43,24,29,1
3,2,6,92,38.65,34,52,37,39,25,24,22,5
4,2,6,106,38.65,17,45,42,32,14,33,14,1
3,8,6,26,39.25,45,42,14,32,51,36,51,1
3,8,9,54,39.25,46,55,26,18,24,25,14,15
4,8,9,52,39.25,52,37,34,39,14,54,36,5
12,2,9,27,38.65,32,20,36,30,22,43,47,7
12,2,6,117,38.65,32,20,48,30,14,48,37,7
12,2,6,85,38.65,45,17,14,32,14,14,22,1
12,8,6,41,39.25,53,32,16,40,14,14,22,10
4,8,9,8,39.25,55,26,18,46,54,21,14,15
12,2,9,13,38.65,24,39,32,27,50,28,22,11
12,2,9,115,38.65,26,55,18,46,24,31,14,15
4,8,9,62,39.25,26,55,46,18,54,50,25,15
12,2,6,35,38.65,23,39,32,27,43,44,47,11
3,8,9,63,39.25,34,52,37,39,14,41,29,5
3,2,6,117,38.65,18,47,32,54,25,50,48,13
12,8,9,93,39.25,55,14,18,32,14,29,29,13
12,2,6,18,38.65,17,32,42,45,37,14,14,1
12,8,9,12,39.25,34,52,37,39,22,41,22,5
3,8,6,102,39.25,17,45,42,32,14,43,24,1
12,8,9,80,39.25,23,39,32,27,33,41,14,11
4,2,9,11,38.65,39,52,37,34,44,35,21,5
12,8,6,117,39.25,32,39,27,23,25,50,47,11
12,8,9,82,39.25,27,32,23,39,50,36,14,11
12,2,6,89,38.65,42,45,32,17,28,50,14,1
12,8,9,27,39.25,27,39,23,32,24,14,41,11
4,8,6,79,39.25,53,16,40,32,28,24,14,10
12,8,6,100,39.25,20,36,32,30,44,41,14,7
4,8,9,65,39.25,32,30,36,20,14,14,14,7
12,2,6,4,38.65,42,45,32,31,44,38,38,1
3,2,6,73,38.65,26,55,46,14,48,36,41,15
12,8,6,36,39.25,34,39,37,52,29,14,25,5
4,8,6,99,39.25,27,32,23,39,50,37,14,11
12,8,6,53,39.25,52,39,37,34,29,44,29,5
3,8,9,122,39.25,39,27,23,32,31,50,21,11
4,2,9,27,38.65,39,27,23,32,28,14,47,11
3,2,6,74,38.65,32,53,40,16,38,41,25,10
12,2,6,83,38.65,42,45,17,32,36,54,14,1
4,8,9,99,39.25,18,55,32,54,41,38,25,13
4,2,6,42,38.65,26,55,14,14,22,35,43,15
3,2,6,42,38.65,40,16,53,32,14,14,50,10
12,8,6,30,39.25,16,40,53,32,54,14,14,10
12,2,9,20,38.65,34,52,37,39,14,29,54,5
3,2,6,26,38.65,17,45,42,32,48,24,28,1
12,8,9,108,39.25,22,39,32,27,14,22,47,11
12,2,6,1,38.65,53,32,16,40,14,37,50,10
12,8,6,78,39.25,16,14,53,32,35,50,24,10
4,8,9,79,39.25,27,39,23,32,38,38,14,11
4,8,6,18,39.25,53,16,40,32,36,51,14,10
4,8,6,7,39.25,20,32,30,36,51,54,14,7
12,2,9,80,38.65,34,52,37,39,29,35,14,5
3,2,6,91,38.65,23,14,32,39,14,35,29,11
3,2,6,91,38.65,18,55,26,46,36,33,48,15
12,8,9,65,39.25,23,39,32,27,24,29,31,11
4,8,9,104,39.25,46,26,18,55,43,44,35,15
12,8,9,113,39.25,39,52,34,37,35,14,22,5
12,2,6,15,38.65,17,45,42,32,48,24,33,1
12,8,6,3,39.25,18,26,55,46,47,14,14,15
12,8,6,24,39.25,53,16,40,32,38,28,51,10
3,2,6,87,38.65,16,40,32,53,33,54,14,10
3,2,6,43,38.65,53,16,40,32,14,37,24,10
4,2,6,107,38.65,42,17,45,32,25,51,22,1
4,2,6,12,38.65,17,45,37,32,43,37,14,1
4,8,6,54,39.25,53,16,40,32,47,38,33,10
3,2,6,16,38.65,55,18,38,46,29,14,41,15
4,2,9,96,38.65,39,37,34,52,29,29,37,5
3,2,9,60,38.65,34,54,19,49,14,29,14,0
3,2,9,49,38.65,55,46,26,18,28,29,43,15
3,8,6,34,39.25,26,55,46,18,41,36,47,15
4,8,6,40,39.25,17,45,42,32,28,28,22,1
12,2,6,18,38.65,32,45,42,17,14,50,48,1
4,8,9,75,39.25,32,20,36,30,36,21,25,7
4,2,6,12,38.65,18,55,32,54,37,14,14,13
12,2,9,93,38.65,26,55,46,18,54,14,14,15
3,8,6,38,39.25,37,52,34,39,31,41,22,5
3,2,9,82,38.65,32,48,48,54,38,36,48,13
4,8,9,88,39.25,23,14,32,27,44,43,29,11
12,2,6,107,38.65,26,55,46,18,25,54,37,15
4,2,6,90,38.65,34,52,37,39,54,29,44,5
12,2,9,78,38.65,52,39,37,34,50,44,41,5
3,8,6,113,39.25,40,16,29,14,21,47,38,10
12,2,6,79,38.65,17,45,42,32,14,36,24,1
12,2,6,48,38.65,54,37,29,34,50,44,47,5
4,2,9,83,38.65,32,20,36,30,50,54,50,7
12,2,6,71,38.65,17,45,14,32,28,54,31,1
3,8,9,118,39.25,37,14,14,34,14,28,54,5
4,2,9,58,38.65,26,46,55,18,31,36,47,15
12,2,9,81,38.65,37,34,52,39,29,24,22,5
4,2,9,31,38.65,49,19,34,54,54,14,21,0
3,8,6,86,39.25,17,45,42,32,29,14,22,1
12,2,6,45,38.65,17,45,42,14,14,21,14,1
3,8,9,74,39.25,20,32,36,30,33,54,50,7
4,2,6,33,38.65,23,39,32,27,54,31,22,11
4,2,6,86,38.65,23,39,14,27,25,36,14,11
12,8,6,31,39.25,32,16,40,53,33,38,29,10
4,2,6,10,38.65,23,39,32,27,14,51,47,11
4,8,9,94,39.25,39,32,23,27,51,48,41,11
3,8,9,40,39.25,26,55,46,18,54,36,47,15
3,2,9,40,38.65,34,52,37,39,21,37,51,5
4,8,9,120,39.25,49,19,34,54,36,36,35,0
4,2,6,105,38.65,52,37,39,34,31,14,29,5
12,8,6,115,39.25,49,19,54,34,47,37,47,0
12,8,6,101,39.25,49,19,34,54,31,25,14,0
3,2,6,77,38.65,20,32,36,30,14,36,22,7
12,8,9,67,39.25,55,18,54,32,31,48,38,13
12,2,9,56,38.65,20,30,14,14,54,14,37,7
12,2,6,24,38.65,32,23,27,39,29,50,36,11
3,2,6,72,38.65,52,39,37,24,14,14,14,5
4,8,6,75,39.25,42,32,17,45,24,29,54,1
3,8,9,54,39.25,39,32,27,14,37,38,22,11
3,2,6,63,38.65,26,55,46,18,14,31,14,15
12,2,6,60,38.65,18,55,32,54,29,36,14,13
3,8,6,32,39.25,17,45,42,32,33,25,43,1
3,2,6,42,38.65,26,55,46,18,14,35,43,15
12,8,9,64,39.25,33,55,18,46,22,44,14,15
12,8,6,55,39.25,34,52,37,39,24,24,14,5
12,2,9,4,38.65,54,32,55,18,35,35,14,13
3,8,9,106,39.25,29,20,36,30,14,35,14,7
12,2,6,31,38.65,18,32,55,54,14,14,47,13
4,2,6,61,38.65,40,16,53,32,14,22,28,10
12,2,6,50,38.65,23,39,32,27,37,50,14,11
4,2,6,116,38.65,26,55,46,18,24,35,14,15
12,8,9,33,39.25,36,30,32,20,43,14,14,7
4,2,6,59,38.65,49,19,34,54,14,47,38,0
3,8,6,19,39.25,32,17,42,45,44,24,41,1
12,8,6,4,39.25,49,54,19,34,54,25,31,0
3,8,6,91,39.25,42,32,17,45,33,50,22,1
3,2,9,92,38.65,34,52,37,39,38,14,14,5
4,2,6,15,38.65,23,39,32,27,14,14,48,11
12,2,9,83,38.65,26,55,38,14,21,47,14,15
12,2,6,102,38.65,17,32,47,45,25,44,28,1
12,8,6,93,39.25,48,16,40,32,14,33,47,10
4,2,9,22,38.65,18,55,14,54,44,37,29,13
4,8,9,76,39.25,26,55,46,18,31,48,14,15
12,2,6,54,38.65,54,19,34,49,51,28,35,0
4,8,6,64,39.25,23,39,32,27,38,14,43,11
4,8,9,109,39.25,26,55,46,18,48,44,38,15
4,2,6,98,38.65,39,52,34,37,37,48,14,5
4,8,9,67,39.25,52,37,39,14,28,41,29,5
12,2,9,12,38.65,34,49,19,54,35,14,38,0
12,2,6,74,38.65,16,32,53,40,43,35,33,10
3,8,6,58,39.25,18,55,32,54,24,25,28,13
4,2,6,79,38.65,23,39,32,27,48,21,43,11
4,8,9,111,39.25,55,46,18,26,14,47,25,15
4,2,6,4,38.65,26,29,46,18,33,14,14,15
12,2,6,95,38.65,20,36,32,30,25,48,50,7
12,2,6,78,38.65,17,32,45,42,21,14,51,1
4,2,9,79,38.65,34,52,37,39,14,14,33,5
4,8,6,56,39.25,23,39,32,27,38,25,25,11
4,8,9,24,39.25,32,39,27,23,14,35,44,11
3,8,9,106,39.25,26,55,46,18,14,14,50,15
12,2,6,107,38.65,55,26,18,46,28,14,14,15
12,8,6,121,39.25,53,16,40,41,54,44,36,10
12,8,6,45,39.25,42,17,45,32,48,22,43,1
12,2,6,113,38.65,40,53,16,32,37,25,29,10
12,8,6,106,39.25,26,55,46,18,50,14,38,15
12,8,9,6,39.25,30,36,20,32,48,14,22,7
12,2,6,3,38.65,55,46,18,26,25,51,48,15
12,2,9,17,38.65,34,49,54,19,14,44,14,0
4,2,9,48,38.65,39,32,27,23,14,14,35,11
4,2,6,94,38.65,20,30,32,36,22,31,41,7
3,2,9,62,38.65,54,49,34,19,28,43,31,0
12,8,9,10,39.25,54,49,19,34,31,37,50,0
12,2,6,118,38.65,32,20,36,54,50,22,33,7
4,8,9,25,39.25,26,55,46,18,14,38,43,15
4,2,9,70,38.65,30,20,32,36,21,50,14,7
3,2,6,47,38.65,19,14,34,54,35,50,48,0
12,8,6,105,39.25,17,45,42,14,28,51,14,1
4,2,9,70,38.65,36,20,32,30,33,22,43,7
12,8,6,53,39.25,20,36,32,30,14,38,35,7
4,8,9,35,39.25,34,52,37,39,14,14,14,5
4,2,9,41,38.65,18,55,32,54,14,22,14,13
12,2,9,35,38.65,26,18,46,55,33,43,48,15
12,2,9,23,38.65,37,34,39,52,29,28,14,5
3,2,6,15,38.65,42,45,17,32,47,48,24,1
12,8,6,22,39.25,34,52,37,39,51,14,35,5
3,8,9,41,39.25,26,46,55,18,38,38,50,15
3,2,6,11,38.65,17,45,14,32,28,29,31,1
4,8,6,83,39.25,49,29,34,54,31,21,28,0
12,2,6,44,38.65,32,45,42,41,14,35,24,1
3,8,6,85,39.25,39,32,27,23,35,41,14,11
12,2,9,47,38.65,52,34,39,37,14,44,48,5
12,8,6,119,39.25,32,30,20,36,24,48,50,7
3,8,6,25,39.25,53,16,40,32,37,28,14,10
3,8,9,24,39.25,32,20,36,30,54,48,22,7
12,2,6,5,38.65,26,55,46,22,28,28,47,15
12,8,6,92,39.25,34,52,37,39,14,21,50,5
4,2,6,21,38.65,53,16,14,14,24,54,14,10
4,2,9,21,38.65,36,32,23,39,21,25,14,11
4,8,9,71,39.25,18,55,32,14,29,24,33,13
3,8,6,29,39.25,40,16,53,32,47,14,24,10
3,2,6,79,38.65,39,27,32,23,36,36,22,11
12,8,6,1,39.25,46,18,14,26,38,14,22,15
4,2,6,48,38.65,46,18,26,55,24,54,14,15
12,2,9,4,38.65,34,52,37,39,54,33,14,5
3,2,9,74,38.65,26,55,46,18,44,51,36,15
3,2,9,28,38.65,48,27,31,39,37,14,51,11
3,2,6,23,38.65,36,32,20,30,21,14,37,7
12,8,9,32,39.25,27,32,23,39,22,43,14,11
3,2,6,111,38.65,18,55,32,54,14,33,31,13
12,2,9,58,38.65,49,19,34,54,43,33,14,0
3,8,6,7,39.25,17,45,42,32,38,28,29,1
3,2,9,41,38.65,26,55,46,18,14,29,21,15
3,8,6,63,39.25,39,52,37,34,29,14,33,5
12,2,6,100,38.65,32,20,36,30,31,14,25,7
4,8,6,64,39.25,23,39,32,27,14,37,33,11
4,8,6,116,39.25,17,45,42,36,24,29,25,1
3,8,6,50,39.25,32,20,36,30,36,22,54,7
4,8,6,27,39.25,18,55,26,36,25,35,50,15
12,8,9,29,39.25,33,46,18,55,51,28,41,15
3,8,6,31,39.25,37,14,39,14,29,29,29,5
12,2,9,24,38.65,26,14,46,18,50,48,44,15
4,2,6,30,38.65,32,45,17,42,14,41,22,1
3,2,9,107,38.65,54,49,19,25,14,14,31,0
12,2,6,96,38.65,32,54,55,18,25,48,14,13
3,8,6,43,39.25,53,16,40,32,14,14,44,10
3,2,6,40,38.65,27,32,23,39,37,22,14,11
12,8,6,7,39.25,26,55,46,18,31,35,14,15
3,2,6,58,38.65,32,20,36,30,41,33,31,7
4,8,9,30,39.25,23,39,14,27,28,41,14,11
4,8,6,98,39.25,40,32,16,53,47,24,14,10
12,8,6,72,39.25,37,34,39,52,33,14,14,5
12,2,6,90,38.65,32,14,39,27,31,33,14,11
4,8,6,82,39.25,17,32,45,42,31,14,14,1
3,2,9,6,38.65,32,36,20,30,47,35,43,7
12,8,6,20,39.25,53,16,40,14,14,14,14,10
12,2,9,118,38.65,23,32,39,27,41,24,35,11
4,2,9,110,38.65,37,39,52,34,28,14,14,5
3,2,6,113,38.65,17,45,42,28,47,51,14,1
12,2,6,78,38.65,26,55,46,29,50,41,25,15
3,8,9,57,39.25,39,34,37,35,35,24,38,5
4,8,6,53,39.25,32,20,36,30,38,14,35,7
4,2,6,50,38.65,53,32,29,16,51,21,38,10
4,2,9,59,38.65,32,20,36,30,14,41,48,7
3,8,6,86,39.25,53,40,32,16,48,50,44,10
4,2,6,38,38.65,20,32,36,30,28,14,14,7
3,2,9,60,38.65,34,19,49,54,48,50,51,0
12,2,6,99,38.65,23,39,32,27,38,35,44,11
4,2,6,37,38.65,23,39,32,27,36,14,24,11
12,8,9,58,39.25,34,52,37,39,14,54,44,5
3,2,9,108,38.65,26,55,46,18,44,14,41,15
4,2,9,85,38.65,52,14,39,34,50,43,14,5
3,8,9,36,39.25,18,55,26,46,14,54,47,15
12,8,6,17,39.25,20,32,30,36,43,14,14,7
3,8,9,76,39.25,27,39,23,32,14,14,14,11
3,8,6,19,39.25,17,45,42,32,22,48,21,1
12,8,6,86,39.25,17,42,32,45,21,14,14,1
3,8,6,97,39.25,45,17,32,42,38,36,24,1
3,2,9,100,38.65,39,34,37,52,47,44,24,5
12,8,9,93,39.25,34,52,37,39,41,14,21,5
12,2,6,16,38.65,49,19,34,54,47,51,14,0
4,2,9,16,38.65,26,55,46,18,28,54,24,15
4,2,9,114,38.65,49,19,34,54,14,44,36,0
4,2,6,23,38.65,17,42,45,32,14,25,48,1
3,2,9,25,38.65,32,20,36,30,14,14,41,7
12,8,6,43,39.25,18,26,46,55,25,25,35,15
12,2,9,19,38.65,49,19,34,54,24,21,14,0
12,2,6,77,38.65,18,46,55,26,22,14,14,15
12,2,6,109,38.65,17,45,42,32,22,14,25,1
4,8,9,77,39.25,32,30,20,36,31,14,54,7
12,8,9,80,39.25,20,32,36,30,41,29,51,7
12,2,6,86,38.65,26,55,46,18,37,50,14,15
3,2,6,46,38.65,32,14,36,30,47,14,36,7
4,8,9,112,39.25,23,32,27,39,14,50,14,11
4,2,9,110,38.65,55,54,32,18,44,54,36,13
12,8,9,71,39.25,32,36,30,14,54,29,35,7
4,2,6,103,38.65,17,45,42,32,44,22,14,1
3,2,9,112,38.65,34,52,37,39,38,50,54,5
4,8,6,75,39.25,42,17,45,32,14,44,29,1
12,8,6,41,39.25,34,52,37,39,37,33,28,5
12,8,9,5,39.25,46,26,18,55,14,24,35,15
3,2,6,12,38.65,26,46,55,18,48,14,38,15
4,2,9,24,38.65,54,32,18,55,14,22,14,13
12,2,9,50,38.65,30,20,36,32,51,35,35,7
4,2,6,11,38.65,17,32,42,45,37,41,14,1
4,8,6,97,39.25,18,55,14,54,14,14,35,13
3,8,6,71,39.25,32,36,20,22,33,14,31,7
12,2,6,78,38.65,34,39,37,52,44,21,28,5
3,8,9,51,39.25,34,37,52,39,29,48,44,5
12,2,9,111,38.65,32,22,36,30,50,25,24,7
3,8,9,43,39.25,26,55,46,18,21,28,50,15
12,2,9,97,38.65,39,23,14,27,14,44,54,11
3,8,9,45,39.25,55,18,54,32,33,38,33,13
12,8,6,103,39.25,32,42,14,17,25,54,36,1
4,2,6,93,38.65,26,55,14,18,51,33,14,15
4,8,9,70,39.25,19,54,49,34,14,28,31,0
12,2,9,91,38.65,54,55,18,14,51,24,36,13
12,8,6,65,39.25,17,14,42,32,25,31,44,1
4,8,9,94,39.25,34,37,39,52,36,14,14,5
3,2,6,73,38.65,32,39,27,29,54,43,44,11
12,2,6,80,38.65,53,40,32,14,21,44,14,10
4,8,6,111,39.25,34,39,52,37,33,14,35,5
12,8,6,68,39.25,52,34,39,37,31,24,25,5
4,2,6,23,38.65,42,17,45,32,28,51,29,1
12,2,6,85,38.65,18,55,32,54,14,21,14,13
4,8,6,12,39.25,39,37,52,34,41,25,24,5
4,8,6,65,39.25,49,19,34,54,29,29,14,0
4,8,9,63,39.25,26,55,14,18,47,24,48,15
12,8,6,23,39.25,45,17,42,32,54,35,48,1
12,8,9,51,39.25,34,52,37,39,38,14,44,5
3,8,6,40,39.25,32,45,17,42,22,14,41,1
4,2,9,50,38.65,32,23,27,39,14,33,14,11
4,8,6,14,39.25,40,53,32,16,43,47,14,10
3,2,9,100,38.65,19,49,22,34,43,28,48,0
3,8,6,45,39.25,34,39,37,52,14,14,51,5
4,8,6,9,39.25,32,20,14,36,51,36,14,7
3,2,9,78,38.65,18,55,32,54,14,14,28,13
12,2,9,66,38.65,55,46,26,18,14,24,28,15
12,2,9,43,38.65,32,20,36,30,14,14,36,7
3,8,9,22,39.25,20,30,36,32,14,25,21,7
3,8,9,75,39.25,20,36,30,32,38,14,38,7
12,2,6,47,38.65,34,52,37,39,35,50,50,5
3,8,9,82,39.25,55,26,46,18,14,29,47,15
12,8,6,16,39.25,23,39,32,27,54,14,54,11
3,2,6,51,38.65,17,45,42,32,29,47,25,1
12,2,6,2,38.65,17,45,42,32,48,37,41,1
3,2,9,85,38.65,26,55,46,18,21,33,25,15
3,8,9,12,39.25,49,19,34,54,37,14,48,0
4,2,6,11,38.65,30,20,36,32,43,37,41,7
3,8,9,65,39.25,32,54,55,18,14,22,28,13
4,2,9,93,38.65,52,37,39,34,47,48,54,5
12,2,6,24,38.65,32,14,18,55,37,22,14,13
4,2,9,54,38.65,34,14,37,39,54,35,38,5
4,8,9,17,39.25,32,20,36,30,41,14,14,7
3,8,6,14,39.25,55,46,18,26,14,14,47,15
3,8,6,17,39.25,53,16,40,32,33,50,50,10
4,2,6,100,38.65,45,32,29,17,33,25,31,1
4,8,6,74,39.25,53,16,40,32,33,28,38,10
4,8,9,32,39.25,46,31,18,14,22,43,33,15
3,8,9,33,39.25,37,34,52,39,14,14,44,5
3,8,9,45,39.25,36,20,30,32,44,44,35,7
4,8,6,11,39.25,49,34,19,54,44,47,44,0
12,8,9,48,39.25,20,32,30,36,29,54,36,7
12,2,6,80,38.65,26,55,46,18,51,47,51,15
12,2,9,61,38.65,34,52,37,39,14,14,44,5
12,2,6,75,38.65,54,19,34,49,14,14,14,0
12,8,6,35,39.25,32,16,40,53,51,35,14,10
12,2,6,62,38.65,17,45,42,32,36,14,44,1
4,2,9,84,38.65,26,55,46,18,36,14,35,15
12,2,9,73,38.65,26,55,46,18,44,29,14,15
12,8,9,84,39.25,34,52,37,39,36,25,35,5
12,2,6,108,38.65,32,20,36,14,14,14,48,7
4,8,9,78,39.25,30,32,20,36,48,28,54,7
3,8,9,83,39.25,23,39,32,27,31,29,41,11
3,2,6,89,38.65,17,45,42,32,33,41,35,1
4,8,6,64,39.25,23,39,32,27,38,38,14,11
4,8,6,92,39.25,23,32,27,39,36,37,51,11
12,8,9,104,39.25,36,20,32,30,25,54,36,7
12,2,9,99,38.65,32,20,36,30,51,14,24,7
12,8,6,35,39.25,46,26,18,55,38,43,35,15
4,8,6,110,39.25,37,39,43,34,36,14,14,5
4,8,6,106,39.25,30,20,32,14,31,44,54,7
3,8,9,122,39.25,18,55,32,54,14,14,25,13
4,2,6,100,38.65,17,45,42,32,24,24,43,1
12,2,6,100,38.65,32,14,36,30,14,14,36,7
3,8,6,80,39.25,39,27,50,32,14,43,33,11
3,8,6,62,39.25,32,17,42,45,14,31,21,1
12,8,9,92,39.25,26,55,46,18,43,14,14,15
4,2,6,122,38.65,52,34,39,37,14,14,14,5
12,8,9,69,39.25,55,14,26,46,44,33,44,15
3,2,6,17,38.65,34,39,52,37,25,21,14,5
12,2,6,79,38.65,17,45,42,32,14,47,43,1
12,8,6,95,39.25,17,45,42,32,14,41,48,1
3,2,9,90,38.65,27,23,14,43,14,14,43,11
12,2,6,17,38.65,42,32,45,17,28,48,37,1
3,2,6,14,38.65,34,52,37,39,38,22,41,5
4,2,9,6,38.65,18,35,55,26,38,33,14,15
3,2,9,49,38.65,49,19,34,54,25,29,51,0
3,2,6,30,38.65,26,55,46,18,43,47,54,15
3,8,6,42,39.25,34,43,37,39,37,36,24,5
12,8,6,114,39.25,26,55,46,18,41,44,21,15
3,2,6,35,38.65,32,20,36,30,54,43,54,7
12,2,9,44,38.65,18,55,32,54,50,31,28,13
4,2,9,38,38.65,23,39,32,27,28,48,22,11
3,8,6,83,39.25,32,42,17,45,29,14,33,1
4,8,9,2,39.25,39,34,14,37,25,14,48,5
4,2,6,113,38.65,49,14,19,54,38,41,14,0
4,8,9,51,39.25,49,54,34,19,54,29,37,0
4,2,9,19,38.65,32,23,39,27,14,14,44,11
4,2,6,29,38.65,32,30,20,36,24,38,24,7
12,8,6,14,39.25,32,20,30,36,50,22,47,7
3,2,6,45,38.65,42,37,17,32,25,14,21,1
12,2,6,5,38.65,17,45,42,32,14,14,22,1
4,8,6,29,39.25,53,32,40,16,48,31,14,10
4,2,6,82,38.65,17,45,42,32,47,50,25,1
4,8,6,81,39.25,17,42,32,14,51,54,43,1
3,2,6,58,38.65,18,55,26,46,51,54,41,15
12,8,6,69,39.25,26,55,46,18,38,35,21,15
4,2,6,15,38.65,34,49,51,54,14,14,33,0
12,8,6,51,39.25,49,19,34,54,38,29,54,0
3,8,9,74,39.25,52,34,39,37,47,50,47,5
3,2,6,122,38.65,18,55,43,26,14,14,47,15
4,8,6,40,39.25,39,37,34,14,47,33,31,5
4,2,9,56,38.65,32,20,36,30,47,54,35,7
12,2,6,115,38.65,32,14,36,30,28,33,43,7
4,8,6,113,39.25,26,55,46,18,48,43,38,15
3,8,9,80,39.25,27,39,23,32,24,51,50,11
4,8,6,44,39.25,32,20,36,30,14,35,22,7
4,2,9,92,38.65,54,34,49,19,33,14,44,0
12,2,6,104,38.65,19,54,34,49,28,22,38,0
3,2,6,28,38.65,17,45,42,32,14,14,14,1
4,8,6,76,39.25,17,42,45,32,47,36,43,1
3,2,6,126,38.65,45,32,17,42,29,24,37,1
4,2,6,19,38.65,53,16,32,40,43,14,47,10
12,2,9,65,38.65,19,34,49,54,28,54,14,0
4,8,9,115,39.25,20,30,36,32,14,14,41,7
3,8,6,38,39.25,46,18,26,55,36,24,14,15
12,8,6,111,39.25,23,39,27,32,14,38,51,11
12,8,6,52,39.25,16,32,53,40,24,51,14,10
12,8,6,94,39.25,32,54,18,55,44,25,21,13
4,2,6,39,38.65,17,35,42,32,14,35,25,1
12,2,6,62,38.65,46,14,55,26,43,51,21,15
3,8,9,30,39.25,20,32,36,14,41,51,22,7
4,8,9,12,39.25,26,46,55,18,37,47,33,15
3,2,9,85,38.65,34,52,37,39,44,37,14,5
4,8,9,87,39.25,34,52,37,39,14,14,33,5
12,8,9,109,39.25,46,18,55,26,14,14,14,15
3,8,9,1,39.25,32,20,25,30,44,31,33,7
12,8,6,59,39.25,17,45,42,32,24,43,14,1
3,2,6,17,38.65,23,39,32,27,14,14,44,11
12,8,9,64,39.25,18,55,26,14,37,24,54,15
3,2,9,56,38.65,36,32,20,30,29,43,48,7
4,2,6,114,38.65,53,40,32,16,54,33,47,10
12,8,9,105,39.25,26,55,46,18,51,25,31,15
4,2,6,11,38.65,40,22,53,32,28,14,29,10
12,8,9,95,39.25,52,39,37,34,29,41,28,5
12,8,9,89,39.25,32,14,36,30,24,47,37,7
4,2,6,98,38.65,32,20,36,30,14,31,35,7
3,2,9,49,38.65,23,39,32,27,14,44,50,11
4,2,6,37,38.65,34,52,37,39,28,48,22,5
12,8,6,12,39.25,32,55,14,54,29,35,48,13
4,8,6,14,39.25,17,45,42,32,25,14,14,1
12,8,6,57,39.25,45,32,17,42,38,47,25,1
4,8,6,43,39.25,31,52,37,39,14,14,14,5
3,2,6,48,38.65,26,55,46,18,36,14,28,15
3,8,9,5,39.25,34,52,14,39,51,24,36,5
4,8,6,8,39.25,32,36,20,30,51,44,35,7
4,2,9,87,38.65,22,19,34,54,44,37,37,0
4,8,9,90,39.25,49,19,34,54,54,14,43,0
3,2,6,1,38.65,36,20,30,32,36,54,14,7
4,2,9,43,38.65,49,19,34,54,14,14,14,0
3,8,6,95,39.25,26,55,21,14,36,14,21,15
12,8,6,4,39.25,53,32,40,51,33,31,44,10
3,2,6,6,38.65,32,20,36,30,14,31,28,7
3,8,6,2,39.25,54,18,14,55,44,14,41,13
4,8,6,36,39.25,27,37,32,39,51,14,51,11
12,8,9,10,39.25,34,14,37,39,28,31,35,5
4,2,6,55,38.65,34,49,54,19,48,21,14,0
12,8,6,6,39.25,17,45,42,47,22,54,21,1
12,8,9,59,39.25,32,20,36,30,24,29,50,7
12,8,9,44,39.25,23,39,32,27,36,43,47,11
3,2,9,89,38.65,49,19,34,54,33,31,33,0
12,8,6,82,39.25,34,52,37,39,21,14,44,5
3,2,9,69,38.65,32,20,36,30,14,43,35,7
4,8,6,7,39.25,17,32,42,45,22,14,44,1
3,8,6,5,39.25,20,32,30,36,14,14,47,7
4,8,6,82,39.25,32,45,17,42,31,43,14,1
4,8,6,7,39.25,53,32,40,16,54,31,28,10
12,2,9,80,38.65,52,34,37,39,48,14,47,5
4,8,9,70,39.25,34,52,37,14,14,14,36,5
3,8,6,110,39.25,32,17,41,45,44,47,28,1
3,2,9,116,38.65,55,54,32,18,48,33,14,13
12,2,6,22,38.65,32,53,40,16,14,25,38,10
3,8,9,59,39.25,18,55,32,54,14,31,24,13
12,2,9,22,38.65,18,55,32,54,33,14,41,13
12,8,6,5,39.25,32,53,16,40,44,31,47,10
3,2,6,60,38.65,53,16,40,32,31,14,51,10
4,8,6,72,39.25,17,45,42,32,48,51,24,1
3,8,6,92,39.25,23,39,32,27,44,22,14,11
4,2,9,60,38.65,30,32,20,36,48,28,54,7
4,2,6,39,38.65,19,34,54,49,14,14,36,0
3,2,6,12,38.65,17,45,42,32,43,14,14,1
4,8,6,11,39.25,17,45,42,32,24,33,14,1
4,8,6,25,39.25,27,39,32,23,14,28,33,11
12,8,6,35,39.25,32,20,36,30,31,31,54,7
12,2,6,20,38.65,34,52,37,39,22,37,35,5
4,8,6,67,39.25,17,45,42,32,24,48,14,1
3,2,6,80,38.65,27,23,39,32,29,22,41,11
4,8,6,111,39.25,17,42,32,45,44,47,14,1
4,2,6,106,38.65,32,20,36,30,31,22,50,7
12,8,9,71,39.25,49,25,34,54,14,14,14,0
12,2,9,81,38.65,32,27,23,39,14,21,51,11
4,8,9,32,39.25,32,14,30,20,21,41,51,7
3,2,9,63,38.65,32,30,14,20,51,21,35,7
12,2,6,22,38.65,39,27,23,32,48,35,14,11
4,8,9,99,39.25,23,39,32,27,14,22,36,11
3,2,6,75,38.65,26,55,46,18,14,48,51,15
3,8,6,39,39.25,49,19,14,54,14,28,38,0
4,2,6,64,38.65,18,55,32,54,36,28,14,13
4,2,6,72,38.65,26,46,55,18,14,41,14,15
3,8,6,94,39.25,26,55,46,18,14,31,33,15
4,2,9,14,38.65,55,26,46,18,22,29,33,15
3,2,6,20,38.65,32,50,54,18,31,24,28,13
3,8,9,59,39.25,52,39,34,37,14,31,47,5
12,8,6,47,39.25,17,45,42,14,14,21,28,1
4,8,9,87,39.25,23,39,32,27,21,48,33,11
4,2,9,71,38.65,18,14,32,54,14,28,48,13
3,8,6,59,39.25,49,19,34,54,43,41,35,0
4,2,6,25,38.65,20,32,30,36,31,25,28,7
12,2,6,103,38.65,45,17,32,42,14,41,31,1
4,2,6,85,38.65,42,17,32,45,14,54,54,1
4,8,9,31,39.25,37,20,36,30,31,48,38,7
3,2,6,92,38.65,30,20,24,32,28,14,14,7
4,2,6,81,38.65,17,45,42,32,31,31,47,1
12,8,6,69,39.25,46,18,55,26,51,21,14,15
12,8,6,60,39.25,53,16,40,32,14,21,43,10
12,8,9,28,39.25,34,19,49,54,22,33,14,0
12,2,6,65,38.65,49,19,34,14,31,48,21,0
12,8,9,29,39.25,27,32,23,39,14,31,14,11
3,2,6,23,38.65,32,42,17,45,38,14,43,1
3,8,6,97,39.25,22,16,40,32,48,47,47,10
3,2,9,17,38.65,26,55,18,46,51,22,28,15
4,2,6,99,38.65,26,18,46,55,43,38,31,15
3,2,6,67,38.65,46,18,26,55,54,48,43,15
12,2,9,56,38.65,34,52,37,39,31,51,28,5
3,8,6,44,39.25,17,45,42,32,38,41,41,1
3,2,9,57,38.65,49,19,34,54,44,29,43,0
12,8,6,10,39.25,19,49,34,54,38,29,14,0
4,2,6,96,38.65,52,39,34,37,47,38,31,5
4,8,6,80,39.25,42,32,17,45,47,25,41,1
12,8,9,112,39.25,34,39,52,14,54,22,22,5
12,2,9,118,38.65,23,39,32,27,14,47,35,11
12,8,6,117,39.25,18,55,32,54,14,44,14,13
12,8,6,92,39.25,53,16,40,32,14,29,21,10
12,8,6,1,39.25,39,32,14,27,37,37,54,11
4,8,9,100,39.25,26,55,46,18,14,22,37,15
3,8,6,94,39.25,55,26,18,14,31,38,21,15
4,8,9,11,39.25,18,24,32,54,22,41,35,13
12,8,6,52,39.25,49,19,34,14,54,29,36,0
3,8,6,36,39.25,32,20,36,30,35,14,14,7
4,2,9,117,38.65,26,18,55,46,28,14,14,15
3,8,9,64,39.25,32,20,30,36,14,24,14,7
4,2,6,45,38.65,17,45,42,32,36,48,50,1
4,8,6,82,39.25,55,26,18,46,21,41,24,15
12,2,9,68,38.65,32,20,36,30,29,41,14,7
3,2,6,85,38.65,41,32,54,55,14,43,14,13
12,2,9,10,38.65,30,36,32,20,41,48,48,7
12,2,6,87,38.65,53,16,40,32,14,51,29,10
12,8,6,87,39.25,42,32,17,45,29,31,31,1
3,8,6,114,39.25,32,53,16,40,14,22,31,10
3,8,9,90,39.25,34,52,37,39,37,14,14,5
4,2,6,67,38.65,54,49,34,19,35,37,37,0
12,2,9,60,38.65,54,54,55,32,50,31,44,13
3,8,6,23,39.25,53,16,32,40,14,44,14,10
3,2,9,106,38.65,18,55,32,54,14,41,35,13
4,2,6,119,38.65,32,14,36,30,48,14,29,7
12,8,9,102,39.25,37,39,34,52,14,43,14,5
4,8,6,116,39.25,53,16,40,32,29,14,36,10
4,2,6,38,38.65,46,55,26,18,41,22,44,15
4,2,6,30,38.65,18,55,32,54,48,14,35,13
4,2,9,93,38.65,46,55,18,26,25,22,21,15
12,8,6,12,39.25,23,39,14,27,14,37,38,11
12,2,6,62,38.65,46,55,18,26,37,43,28,15
4,8,9,70,39.25,26,55,46,18,14,33,14,15
3,8,9,20,39.25,34,52,51,39,33,21,44,5
4,8,6,49,39.25,17,42,45,28,50,44,35,1
4,8,6,53,39.25,53,16,40,32,54,47,14,10
3,8,6,58,39.25,16,32,53,40,22,29,54,10
3,2,6,94,38.65,38,39,37,34,14,35,14,5
4,2,6,93,38.65,32,20,36,30,14,50,47,7
4,2,6,77,38.65,17,45,42,32,24,51,35,1
3,2,6,22,38.65,23,32,27,39,29,24,28,11
12,2,6,77,38.65,32,17,45,42,43,41,50,1
4,8,6,122,39.25,49,54,34,19,25,33,37,0
3,8,6,103,39.25,32,20,36,30,14,41,43,7
12,2,6,43,38.65,45,14,32,42,14,24,33,1
12,2,9,90,38.65,21,52,37,14,38,43,31,5
12,8,6,33,39.25,17,47,42,32,35,44,35,1
3,2,6,51,38.65,32,40,14,31,25,48,51,10
12,8,9,88,39.25,18,55,32,54,43,25,14,13
4,8,9,109,39.25,32,20,36,30,44,47,31,7
3,8,6,58,39.25,53,16,40,32,14,54,41,10
12,2,6,31,38.65,32,14,36,30,47,43,29,7
4,2,6,55,38.65,18,55,32,54,35,48,25,13
3,8,6,11,39.25,17,45,42,32,31,21,14,1
3,8,6,11,39.25,53,16,40,32,24,31,41,10
3,8,6,118,39.25,17,45,42,32,47,37,29,1
12,2,6,87,38.65,46,55,18,26,24,14,47,15
4,8,6,44,39.25,17,45,42,32,36,29,14,1
12,2,6,6,38.65,54,34,19,49,35,38,21,0
4,2,6,13,38.65,17,45,42,32,28,14,14,1
4,8,6,32,39.25,38,49,34,54,14,41,31,0
4,2,6,95,38.65,39,52,35,37,51,54,28,5
4,8,6,114,39.25,54,34,49,19,14,14,29,0
12,8,9,55,39.25,49,19,34,54,25,14,25,0
4,2,9,83,38.65,34,54,49,19,25,41,14,0
12,2,9,104,38.65,18,55,32,54,31,29,14,13
12,8,6,20,39.25,17,45,42,32,28,37,21,1
4,8,9,72,39.25,18,55,32,54,33,14,29,13
12,8,9,102,39.25,39,52,37,34,37,21,14,5
3,8,9,47,39.25,23,39,32,27,51,14,35,11
3,2,6,20,38.65,34,37,52,39,25,14,44,5
3,8,9,88,39.25,36,19,34,54,41,22,28,0
12,2,9,39,38.65,26,55,46,18,44,28,54,15
3,2,6,53,38.65,43,32,40,16,54,47,14,10
12,2,6,41,38.65,42,32,24,14,14,51,44,1
12,2,6,28,38.65,53,16,40,32,36,36,36,10
3,8,6,64,39.25,26,55,46,18,33,36,14,15
12,2,6,58,38.65,40,16,32,53,47,31,22,10
12,2,6,13,38.65,17,45,42,48,47,14,47,1
4,8,6,114,39.25,32,36,20,30,24,29,14,7
3,8,6,115,39.25,17,42,45,32,33,36,14,1
3,8,6,101,39.25,53,16,40,32,35,25,43,10
3,8,6,10,39.25,32,20,36,30,31,21,14,7
4,8,6,114,39.25,41,14,19,34,14,14,54,0
12,2,6,24,38.65,26,54,46,18,21,44,14,15
12,8,6,71,39.25,37,52,34,39,22,38,41,5
3,2,9,23,38.65,39,23,32,27,14,48,31,11
12,8,6,8,39.25,17,32,45,42,36,21,14,1
4,2,6,74,38.65,23,39,14,27,51,44,14,11
4,2,6,29,38.65,26,55,14,18,14,14,33,15
12,2,9,61,38.65,36,30,14,32,54,54,29,7
4,8,6,88,39.25,23,39,32,27,14,14,14,11
3,8,9,64,39.25,49,14,14,19,44,35,14,0
4,8,9,49,39.25,46,55,18,26,44,51,21,15
12,8,9,103,39.25,26,43,46,18,14,36,25,15
4,2,9,20,38.65,55,18,32,54,41,47,28,13
12,2,9,35,38.65,32,24,54,55,54,36,14,13
3,8,9,36,39.25,23,39,32,27,28,48,28,11
4,2,9,89,38.65,46,18,43,55,33,47,43,15
12,8,6,21,39.25,32,45,21,42,28,36,54,1
3,2,6,27,38.65,32,36,30,20,14,22,24,7
4,2,9,38,38.65,55,32,18,54,21,22,29,13
4,8,6,33,39.25,32,23,27,39,54,14,14,11
4,2,6,40,38.65,26,55,14,18,44,14,48,15
3,8,6,120,39.25,17,42,32,45,44,14,14,1
12,2,9,32,38.65,36,30,20,14,43,14,43,7
3,8,9,67,39.25,26,55,46,18,47,14,14,15
4,8,6,38,39.25,42,17,45,32,50,14,14,1
3,8,6,66,39.25,17,45,42,32,43,50,14,1
4,2,6,125,38.65,17,45,42,32,37,28,38,1
12,8,6,24,39.25,55,18,26,46,22,38,37,15
12,8,9,96,39.25,23,39,14,27,14,50,24,11
4,2,6,69,38.65,27,23,14,32,21,14,54,11
3,2,6,1,38.65,54,19,49,34,38,33,31,0
4,2,9,43,38.65,30,20,36,32,43,21,43,7
12,2,9,105,38.65,39,27,23,32,14,14,44,11
3,8,6,23,39.25,41,23,27,39,14,14,24,11
4,8,6,9,39.25,32,20,36,30,14,14,14,7
3,8,6,99,39.25,32,20,36,30,14,44,50,7
3,8,9,114,39.25,26,55,46,18,25,43,47,15
3,8,6,102,39.25,34,39,37,52,51,54,22,5
12,8,9,18,39.25,39,37,34,52,41,14,35,5
3,2,6,63,38.65,46,55,26,18,44,48,47,15
12,2,9,27,38.65,34,52,37,39,14,14,54,5
12,2,6,102,38.65,27,32,39,23,54,43,54,11
4,8,6,2,39.25,17,45,42,32,47,14,24,1
4,2,6,16,38.65,17,14,42,32,44,24,31,1
12,2,6,104,38.65,20,32,30,36,29,28,35,7
4,2,6,82,38.65,49,19,34,54,41,48,28,0
4,8,6,95,39.25,19,54,49,34,31,36,14,0
12,8,9,53,39.25,26,46,18,55,37,41,48,15
12,8,6,55,39.25,53,16,40,32,44,14,44,10
4,8,9,12,39.25,26,55,46,18,43,25,14,15
4,2,6,115,38.65,17,45,42,32,14,50,41,1
3,2,6,12,38.65,34,52,37,39,25,54,33,5
12,2,6,33,38.65,53,16,40,21,29,43,25,10
4,8,6,53,39.25,17,45,42,32,29,22,47,1
12,2,6,58,38.65,39,32,23,27,14,29,14,11
4,8,9,36,39.25,32,14,36,30,43,43,54,7
4,2,6,63,38.65,17,45,42,32,25,36,29,1
3,2,6,28,38.65,34,49,54,19,14,24,14,0
12,2,6,58,38.65,37,52,39,34,37,14,33,5
4,2,6,68,38.65,54,49,35,19,54,41,54,0
4,2,9,22,38.65,32,54,55,18,44,54,54,13
12,8,6,116,39.25,17,45,42,32,14,50,51,1
4,8,9,114,39.25,52,34,39,37,14,47,54,5
3,8,6,1,39.25,16,32,53,40,51,43,14,10
3,2,6,7,38.65,17,45,42,32,54,33,43,1
3,2,6,28,38.65,32,42,45,17,48,29,50,1
4,8,6,93,39.25,20,36,30,32,28,14,22,7
4,2,9,68,38.65,32,30,20,36,31,25,14,7
4,2,9,56,38.65,32,14,36,30,28,14,35,7
12,8,9,4,39.25,23,47,14,27,14,14,22,11
3,2,6,8,38.65,53,32,40,16,14,14,50,10
4,8,9,23,39.25,26,55,18,46,54,37,25,15
12,8,6,33,39.25,49,19,34,54,31,36,31,0
4,2,9,60,38.65,18,55,32,54,14,14,33,13
3,2,6,51,38.65,23,39,32,27,28,14,51,11
4,8,6,58,39.25,37,34,39,52,41,54,14,5
4,2,6,73,38.65,17,28,42,32,14,24,14,1
12,2,9,67,38.65,34,52,37,39,31,14,51,5
4,2,9,41,38.65,32,55,18,54,29,43,14,13
3,8,9,105,39.25,23,39,32,27,29,25,48,11
12,8,9,18,39.25,18,26,46,55,14,14,14,15
12,2,9,44,38.65,32,54,55,18,43,50,54,13
4,8,6,116,39.25,34,52,37,39,31,48,35,5
12,8,6,6,39.25,26,55,46,18,47,14,51,15
4,8,9,9,39.25,34,14,39,52,41,31,37,5
12,2,6,20,38.65,30,32,36,20,14,14,37,7
12,8,9,88,39.25,20,36,30,32,14,44,25,7
3,2,6,49,38.65,54,49,19,34,14,14,29,0
4,8,9,52,39.25,27,32,39,23,51,54,41,11
4,8,9,114,39.25,34,52,39,37,14,48,35,5
4,8,6,86,39.25,54,34,31,49,50,28,47,0
12,2,6,38,38.65,17,45,42,32,25,44,14,1
4,8,6,45,39.25,20,32,30,14,41,54,22,7
3,8,6,109,39.25,17,45,42,32,35,44,31,1
3,2,6,39,38.65,35,55,14,18,51,25,14,15
3,2,6,98,38.65,32,20,14,30,14,24,47,7
3,8,6,51,39.25,23,27,39,32,43,47,50,11
3,2,9,103,38.65,26,46,18,55,14,25,29,15
12,2,9,70,38.65,18,32,55,54,14,37,14,13
12,8,6,101,39.25,53,32,40,16,35,41,14,10
12,8,6,67,39.25,55,26,46,18,14,33,48,15
3,8,9,69,39.25,32,20,36,30,14,22,37,7
3,2,6,113,38.65,32,16,14,40,41,48,36,10
12,2,9,31,38.65,23,39,32,27,36,28,31,11
3,2,6,12,38.65,26,55,46,18,14,47,36,15
3,2,9,95,38.65,34,52,37,39,47,29,48,5
12,8,9,56,39.25,26,55,46,18,14,33,36,15
12,2,6,85,38.65,18,26,46,55,54,29,48,15
4,2,9,102,38.65,23,39,32,27,14,36,43,11
12,8,9,82,39.25,52,39,14,34,14,14,33,5
3,8,6,34,39.25,39,37,34,52,47,25,14,5
3,8,6,4,39.25,18,46,26,55,14,25,51,15
12,8,9,68,39.25,48,41,32,27,47,25,14,11
3,2,6,15,38.65,54,18,32,55,14,41,44,13
12,2,6,6,38.65,34,52,37,39,14,50,29,5
12,8,6,7,39.25,39,27,23,32,14,50,43,11
12,2,6,23,38.65,26,55,46,18,22,37,50,15
12,8,6,54,39.25,42,45,32,17,47,14,14,1
4,8,6,36,39.25,52,37,14,34,43,14,31,5
3,8,6,99,39.25,39,27,32,23,38,14,41,11
4,8,9,39,39.25,22,52,37,34,25,14,37,5
4,8,9,106,39.25,39,52,34,37,36,48,14,5
3,8,6,1,39.25,32,55,18,54,48,29,14,13
4,8,6,89,39.25,55,18,14,46,21,14,33,15
4,8,9,64,39.25,23,39,32,14,33,14,14,11
12,2,9,68,38.65,32,39,27,23,31,14,14,11
12,2,6,42,38.65,32,16,53,40,22,22,14,10
12,8,6,11,39.25,53,16,40,32,48,43,22,10
3,8,9,113,39.25,54,19,34,49,14,14,37,0
12,8,9,6,39.25,32,20,36,30,33,29,14,7
12,2,6,24,38.65,17,32,45,42,48,29,31,1
12,8,6,22,39.25,16,32,40,53,28,14,51,10
3,2,6,40,38.65,42,32,45,17,14,43,14,1
12,8,9,40,39.25,23,39,32,27,14,14,25,11
3,2,9,87,38.65,23,39,32,27,47,41,38,11
12,8,9,75,39.25,30,32,36,20,35,35,37,7
12,2,9,46,38.65,18,32,55,54,14,21,43,13
3,2,9,42,38.65,18,55,46,14,14,54,54,15
4,2,6,23,38.65,17,45,42,32,14,41,44,1
12,8,6,37,39.25,34,52,37,39,37,54,44,5
12,8,6,71,39.25,46,18,55,14,14,35,35,15
12,2,9,117,38.65,34,49,19,54,41,44,33,0
3,8,6,20,39.25,42,45,50,31,14,22,54,1
4,2,9,103,38.65,32,20,36,30,14,44,48,7
3,8,6,92,39.25,18,55,32,54,36,36,14,13
12,2,6,96,38.65,45,17,32,42,50,47,31,1
12,8,6,91,39.25,18,26,21,46,29,14,14,15
3,8,9,62,39.25,32,20,36,30,51,22,24,7
4,2,6,47,38.65,53,16,40,32,28,31,38,10
12,2,6,51,38.65,46,55,26,18,22,29,48,15
12,8,6,12,39.25,23,39,32,27,38,25,36,11
3,8,9,91,39.25,26,55,46,18,14,14,22,15
12,2,6,104,38.65,30,20,36,32,41,38,50,7
4,8,6,26,39.25,26,55,46,18,21,51,35,15
4,2,6,44,38.65,29,54,34,19,14,14,51,0
12,8,6,34,39.25,34,52,37,39,14,14,33,5
12,8,6,23,39.25,32,45,17,42,24,35,37,1
3,2,6,64,38.65,34,31,37,39,47,14,41,5
12,8,6,96,39.25,23,39,32,27,14,51,28,11
4,8,6,50,39.25,18,55,32,54,44,36,14,13
3,8,9,20,39.25,49,28,19,34,21,37,31,0
3,8,6,110,39.25,53,16,40,32,47,24,50,10
12,8,6,7,39.25,32,20,36,30,14,47,38,7
3,2,6,42,38.65,45,42,32,17,29,14,41,1
4,2,9,93,38.65,52,34,37,39,38,14,14,5
12,2,6,35,38.65,23,39,32,22,14,22,28,11
3,2,6,68,38.65,37,52,39,34,38,37,33,5
3,2,9,80,38.65,52,34,39,37,24,14,51,5
12,8,6,51,39.25,32,53,16,40,33,51,14,10
4,2,6,42,38.65,45,14,14,42,14,22,14,1
12,8,9,91,39.25,26,55,46,18,21,29,44,15
4,8,9,23,39.25,36,32,30,20,47,48,37,7
3,8,9,99,39.25,18,55,32,54,29,25,29,13
12,8,6,74,39.25,54,18,55,32,43,33,37,13
12,8,9,97,39.25,26,55,46,18,33,25,14,15
4,8,9,117,39.25,23,39,32,27,14,14,47,11
4,8,9,37,39.25,46,26,55,18,51,21,25,15
12,8,9,9,39.25,26,55,14,18,14,14,51,15
3,2,6,23,38.65,23,39,32,27,14,50,14,11
3,2,9,17,38.65,18,55,32,54,41,22,43,13
12,2,6,110,38.65,40,32,16,53,25,33,35,10
3,8,6,2,39.25,40,32,16,36,22,14,25,10
3,2,6,61,38.65,36,32,20,30,44,41,47,7
12,2,9,97,38.65,23,39,32,27,14,14,41,11
12,8,9,23,39.25,34,19,54,49,48,14,29,0
3,8,9,81,39.25,32,18,54,55,14,50,25,13
12,2,9,32,38.65,30,36,20,32,28,38,33,7
4,8,6,56,39.25,36,20,14,30,36,31,47,7
3,2,9,110,38.65,23,39,32,14,33,50,41,11
3,8,9,36,39.25,26,55,46,14,14,14,43,15
4,8,9,39,39.25,26,55,14,18,33,54,28,15
12,2,6,79,38.65,36,54,49,19,31,21,14,0
4,2,6,7,38.65,42,17,32,45,31,48,51,1
12,8,9,62,39.25,34,52,37,35,48,33,37,5
4,2,6,1,38.65,16,40,32,53,29,14,21,10
3,2,9,103,38.65,54,19,34,49,47,47,35,0
4,8,6,4,39.25,32,23,39,27,29,14,36,11
12,8,6,76,39.25,26,55,46,18,29,54,35,15
12,2,9,58,38.65,34,52,37,39,47,14,44,5
3,2,6,26,38.65,23,39,32,27,14,22,24,11
12,2,6,17,38.65,42,14,32,17,24,33,14,1
3,2,6,53,38.65,16,32,40,53,14,14,37,10
3,8,6,121,39.25,20,14,36,32,38,22,36,7
3,8,6,37,39.25,55,18,26,46,48,14,48,15
12,8,9,66,39.25,26,55,46,14,36,14,14,15
4,2,9,5,38.65,37,34,52,39,29,22,44,5
12,8,6,82,39.25,42,17,32,45,38,14,25,1
4,2,9,107,38.65,32,18,54,55,24,36,29,13
12,8,9,119,39.25,46,33,18,26,51,37,44,15
12,8,6,1,39.25,53,16,40,32,14,14,33,10
4,2,6,54,38.65,23,39,32,27,38,31,35,11
3,8,6,23,39.25,32,20,36,30,48,47,33,7
12,2,6,90,38.65,32,20,36,30,54,48,33,7
4,2,9,64,38.65,32,39,27,23,44,14,28,11
4,8,9,79,39.25,26,55,46,18,36,37,14,15
4,2,6,94,38.65,26,18,55,46,37,35,24,15
12,2,6,66,38.65,17,45,42,32,28,24,35,1
12,2,9,63,38.65,23,39,51,27,37,44,29,11
4,8,9,36,39.25,23,32,27,39,28,14,38,11
4,8,9,15,39.25,34,19,49,54,54,47,21,0
4,8,6,43,39.25,46,26,18,55,24,14,48,15
12,2,6,39,38.65,23,14,32,39,33,14,33,11
12,8,6,14,39.25,54,32,55,18,31,35,44,13
3,8,6,71,39.25,26,18,55,46,28,51,41,15
3,8,6,101,39.25,32,16,40,53,35,25,14,10
3,2,6,113,38.65,34,14,37,39,33,50,43,5
3,2,6,73,38.65,32,27,39,23,54,31,14,11
3,8,6,84,39.25,55,32,54,18,24,14,35,13
4,8,6,54,39.25,23,43,32,27,29,28,29,11
3,2,9,33,38.65,32,39,22,23,37,43,48,11
12,2,6,82,38.65,49,19,34,54,25,41,35,0
3,8,6,71,39.25,53,16,40,32,38,24,50,10
4,8,6,60,39.25,40,53,32,16,28,37,38,10
3,8,6,10,39.25,26,55,46,18,25,47,24,15
3,2,6,63,38.65,16,53,32,40,14,36,36,10
4,2,9,53,38.65,26,18,24,55,25,14,48,15
3,8,9,32,39.25,30,20,36,14,43,22,54,7
3,2,9,19,38.65,26,55,46,18,14,41,43,15
3,2,9,104,38.65,34,52,37,39,35,33,14,5
12,8,9,35,39.25,23,39,32,27,41,54,31,11
3,8,9,69,39.25,32,20,36,30,14,25,41,7
3,8,9,40,39.25,55,54,32,18,14,44,35,13
4,8,9,111,39.25,32,18,55,54,21,43,21,13
3,2,6,16,38.65,45,17,32,42,35,25,37,1
12,2,9,63,38.65,54,55,32,14,48,14,48,13
4,2,6,46,38.65,49,19,34,14,24,33,14,0
4,8,6,39,39.25,26,55,46,18,14,35,14,15
3,8,6,110,39.25,53,16,40,32,44,25,14,10
4,8,6,12,39.25,34,52,37,39,14,31,41,5
3,2,6,79,38.65,55,18,26,14,51,48,22,15
12,8,9,31,39.25,32,20,30,36,51,37,43,7
3,8,6,119,39.25,37,39,52,34,24,14,14,5
3,8,6,56,39.25,32,20,36,30,35,14,14,7
3,8,9,83,39.25,55,26,18,47,28,14,48,15
3,2,6,38,38.65,48,20,30,32,54,21,31,7
3,8,6,22,39.25,39,34,37,52,14,35,25,5
4,8,6,25,39.25,39,34,52,37,14,14,41,5
12,8,9,34,39.25,52,37,39,34,47,37,21,5
3,8,6,104,39.25,26,55,46,18,54,38,41,15
12,2,6,101,38.65,18,55,32,54,33,21,24,13
12,8,6,17,39.25,54,34,49,19,14,36,25,0
3,8,9,81,39.25,49,19,34,54,48,14,37,0
12,8,6,58,39.25,40,16,32,53,14,33,28,10
4,2,6,93,38.65,32,39,23,27,22,47,47,11
3,8,6,56,39.25,34,52,39,37,38,36,48,5
12,8,9,25,39.25,34,52,37,39,24,31,33,5
3,2,9,58,38.65,49,54,34,29,48,24,29,0
12,8,6,29,39.25,32,16,40,53,44,43,54,10
12,8,6,97,39.25,53,16,40,32,14,48,51,10
4,8,6,116,39.25,32,20,36,30,44,22,50,7
4,2,9,24,38.65,23,14,39,27,43,14,38,11
4,2,9,9,38.65,34,19,49,54,25,25,50,0
4,8,6,25,39.25,23,39,32,27,22,44,14,11
12,8,6,24,39.25,45,17,42,32,31,14,37,1
12,2,9,33,38.65,27,39,32,23,28,24,51,11
3,8,9,92,39.25,49,19,34,54,14,14,21,0
4,2,9,114,38.65,18,55,32,54,28,14,41,13
12,2,6,50,38.65,55,18,32,47,22,41,35,13
3,8,6,122,39.25,16,40,32,53,38,43,38,10
3,8,9,63,39.25,26,55,46,18,36,22,43,15
12,8,9,56,39.25,19,54,49,34,14,25,14,0
3,8,9,35,39.25,23,32,27,14,47,51,35,11
3,8,6,44,39.25,32,17,42,45,14,31,44,1
3,8,6,16,39.25,49,43,34,14,28,51,14,0
4,2,6,118,38.65,17,45,42,32,38,37,31,1
12,8,9,86,39.25,52,37,39,34,29,25,51,5
3,8,6,81,39.25,37,52,37,39,36,28,50,5
3,8,6,91,39.25,18,14,32,54,54,54,31,13
3,2,6,47,38.65,26,46,55,18,29,14,14,15
12,8,6,114,39.25,49,19,34,54,31,36,24,0
12,2,6,80,38.65,34,52,37,39,37,14,47,5
4,2,6,13,38.65,19,54,34,25,31,38,33,0
12,8,6,20,39.25,49,19,34,54,24,14,36,0
3,8,6,83,39.25,55,54,32,18,35,36,47,13
3,8,9,111,39.25,23,39,14,27,14,50,37,11
3,8,6,92,39.25,23,39,32,27,14,50,14,11
3,2,9,59,38.65,19,54,14,34,24,14,54,0
4,2,6,52,38.65,32,20,36,30,50,50,14,7
12,2,6,71,38.65,42,32,45,17,35,35,24,1
3,2,6,53,38.65,51,55,46,18,14,14,47,15
4,2,6,11,38.65,19,34,14,54,48,43,50,0
12,2,6,79,38.65,45,17,32,42,31,50,48,1
4,2,6,41,38.65,18,55,26,46,14,38,31,15
12,8,6,54,39.25,23,39,32,27,21,22,43,11
4,2,6,57,38.65,54,18,14,55,14,43,38,13
4,2,9,34,38.65,34,52,37,39,48,14,24,5
12,8,6,8,39.25,32,48,53,16,47,28,21,10
3,2,6,5,38.65,32,27,39,23,14,33,48,11
3,2,9,101,38.65,46,18,55,26,14,44,24,15
12,8,6,47,39.25,36,32,30,20,54,22,51,7
3,2,9,68,38.65,30,36,20,32,38,14,54,7
3,2,9,34,38.65,26,18,46,41,47,21,14,15
3,8,6,8,39.25,37,39,34,52,36,14,22,5
3,2,6,100,38.65,17,45,42,32,14,54,22,1
4,2,6,5,38.65,51,18,54,32,38,41,41,13
4,2,6,60,38.65,27,39,23,36,14,48,14,11
3,8,9,50,39.25,49,19,34,54,38,14,44,0
4,8,6,110,39.25,46,14,18,26,21,28,14,15
3,8,6,45,39.25,55,46,26,18,35,25,21,15
4,2,9,80,38.65,32,20,36,30,37,37,37,7
4,8,6,69,39.25,34,52,37,39,47,14,14,5
3,2,9,119,38.65,39,37,34,52,14,35,33,5
12,8,9,16,39.25,30,36,44,20,14,38,14,7
4,8,6,1,39.25,30,20,32,36,50,14,43,7
4,8,6,25,39.25,18,55,32,54,44,28,48,13
12,2,9,53,38.65,34,49,54,19,35,38,14,0
4,8,9,57,39.25,34,37,39,52,28,21,54,5
4,8,6,31,39.25,32,45,42,17,24,41,29,1
4,8,6,18,39.25,23,14,32,27,25,41,50,11
3,2,6,86,38.65,18,55,32,54,47,50,22,13
3,2,6,83,38.65,18,55,26,46,43,14,14,15
12,2,9,103,38.65,39,23,27,32,47,22,21,11
4,8,6,19,39.25,26,14,18,46,14,43,24,15
3,8,6,57,39.25,32,20,36,30,50,14,14,7
12,8,6,16,39.25,23,27,39,32,14,14,29,11
4,2,9,93,38.65,32,30,36,20,47,14,43,7
12,2,6,91,38.65,53,14,32,16,44,14,24,10
12,8,6,100,39.25,26,37,55,46,24,14,28,15
4,2,9,85,38.65,39,35,52,37,41,14,33,5
4,2,6,86,38.65,53,40,32,16,28,14,14,10
4,2,9,24,38.65,26,55,46,18,14,48,14,15
4,2,6,33,38.65,39,32,23,27,50,14,31,11
3,8,6,118,39.25,34,52,37,14,14,47,29,5
4,8,9,100,39.25,18,55,32,54,38,37,37,13
12,2,9,85,38.65,32,39,38,27,44,14,14,11
12,2,9,46,38.65,37,39,14,52,35,14,14,5
12,8,6,84,39.25,30,36,20,32,14,51,47,7
12,8,6,3,39.25,32,17,45,42,14,48,36,1
12,2,6,13,38.65,17,54,42,32,51,29,41,1
3,2,6,66,38.65,17,45,42,32,14,43,14,1
4,8,6,1,39.25,26,55,46,18,14,35,48,15
4,8,9,20,39.25,39,52,34,37,14,54,29,5
4,8,6,38,39.25,45,17,32,42,44,14,51,1
12,8,9,112,39.25,49,34,19,54,54,43,41,0
3,8,6,8,39.25,34,49,19,54,48,47,51,0
3,2,9,107,38.65,32,20,36,30,36,48,33,7
12,2,9,117,38.65,23,39,32,27,31,14,14,11
3,2,6,68,38.65,17,45,42,32,14,14,24,1
4,8,6,92,39.25,32,20,36,30,14,33,14,7
3,2,6,1,38.65,26,55,46,18,41,14,38,15
3,8,9,18,39.25,18,55,26,46,25,14,28,15
4,8,6,103,39.25,52,39,37,34,14,21,36,5
4,2,6,28,38.65,34,14,49,54,29,14,28,0
12,8,9,27,39.25,32,23,39,27,36,51,51,11
3,8,9,38,39.25,18,55,26,46,47,44,14,15
3,8,6,45,39.25,26,55,46,18,54,14,47,15
12,2,6,82,38.65,17,45,28,32,31,25,33,1
3,2,9,99,38.65,23,39,32,27,31,14,47,11
4,2,6,52,38.65,32,55,18,54,24,14,28,13
4,8,6,19,39.25,53,40,32,16,33,41,35,10
3,2,6,86,38.65,17,45,42,32,14,22,33,1
12,2,6,34,38.65,54,14,34,49,14,43,14,0
3,2,9,31,38.65,46,55,18,26,14,14,25,15
4,2,9,117,38.65,32,18,55,14,48,25,14,13
3,2,6,42,38.65,20,30,36,32,14,35,14,7
3,8,9,47,39.25,52,34,39,37,14,54,14,5
3,8,6,65,39.25,54,55,32,18,25,21,14,13
3,8,6,30,39.25,30,32,20,36,38,14,36,7
12,2,9,47,38.65,32,20,30,36,14,37,41,7
12,8,9,101,39.25,34,14,52,37,14,54,37,5
4,2,6,76,38.65,23,39,32,14,14,25,28,11
3,2,9,117,38.65,49,19,34,54,14,29,14,0
4,2,6,126,38.65,20,32,30,36,14,50,29,7
12,8,6,45,39.25,30,36,32,20,31,33,14,7
12,2,9,37,38.65,32,14,39,23,14,47,28,11
3,2,9,10,38.65,34,52,37,39,31,14,47,5
3,8,6,71,39.25,42,14,32,45,31,14,14,1
3,2,9,68,38.65,32,20,36,30,14,28,37,7
4,8,6,19,39.25,53,32,16,40,14,14,21,10
12,2,6,43,38.65,17,32,42,45,44,48,24,1
12,8,6,20,39.25,49,19,34,54,22,51,37,0
4,8,6,108,39.25,17,45,42,32,31,29,51,1
12,2,6,92,38.65,26,55,14,18,51,24,14,15
12,8,6,89,39.25,53,16,40,32,48,50,38,10
4,2,9,108,38.65,18,55,32,54,21,36,14,13
3,8,6,111,39.25,17,45,31,32,47,38,31,1
4,8,9,49,39.25,55,32,54,18,14,14,22,13
3,8,6,102,39.25,32,16,53,40,24,47,25,10
4,2,9,9,38.65,47,20,36,30,22,50,21,7
4,8,6,63,39.25,32,42,45,17,29,37,50,1
3,8,6,34,39.25,32,55,54,18,47,54,54,13
3,8,9,45,39.25,23,39,27,32,41,24,43,11
3,2,6,21,38.65,45,32,17,42,22,24,48,1
12,8,9,99,39.25,32,20,36,30,41,14,14,7
3,2,9,47,38.65,32,36,14,30,47,14,48,7
12,2,9,118,38.65,46,26,55,18,47,14,28,15
4,2,9,114,38.65,23,14,28,27,14,50,29,11
3,2,6,49,38.65,18,26,46,55,14,29,35,15
4,2,9,36,38.65,54,18,55,32,51,22,38,13
12,8,6,5,39.25,26,55,46,18,14,29,21,15
3,2,9,57,38.65,39,52,37,34,37,21,41,5
3,8,6,69,39.25,42,45,17,32,41,38,22,1
4,8,9,59,39.25,19,34,49,54,14,48,37,0
12,8,6,66,39.25,53,16,40,32,33,14,48,10
4,8,6,118,39.25,26,14,46,18,36,28,14,15
12,8,6,9,39.25,39,34,37,52,35,35,14,5
4,8,6,99,39.25,32,39,43,14,14,43,25,11
3,2,6,76,38.65,17,42,45,32,48,14,14,1
12,2,9,72,38.65,32,25,36,30,14,21,22,7
3,2,9,40,38.65,20,30,32,36,22,14,29,7
4,8,6,61,39.25,27,39,23,32,14,14,29,11
3,2,6,68,38.65,40,16,32,53,43,31,14,10
3,8,9,8,39.25,23,39,32,27,14,36,14,11
4,2,6,114,38.65,32,36,20,30,33,31,21,7
3,2,9,38,38.65,18,55,32,54,44,47,38,13
3,8,9,91,39.25,32,20,30,36,29,22,35,7
4,8,6,106,39.25,17,28,42,32,14,14,22,1
3,2,6,53,38.65,55,44,46,26,48,38,43,15
4,2,6,14,38.65,40,53,16,32,38,28,24,10
12,8,6,24,39.25,18,54,32,55,43,14,54,13
12,2,9,92,38.65,46,26,55,14,50,21,35,15
12,8,9,103,39.25,19,34,54,48,51,29,33,0
3,8,6,95,39.25,32,39,23,27,44,14,29,11
3,2,6,55,38.65,39,52,37,34,14,44,44,5
12,2,6,94,38.65,17,32,42,45,21,25,14,1
3,8,9,6,39.25,26,55,46,18,14,33,14,15
4,2,6,116,38.65,17,45,42,32,43,14,37,1
3,8,9,35,39.25,54,49,14,19,48,48,51,0
12,8,6,76,39.25,32,14,40,53,43,14,14,10
12,2,9,86,38.65,30,36,20,32,54,25,25,7
3,8,9,106,39.25,32,20,36,30,44,14,21,7
3,2,9,40,38.65,34,52,37,14,36,29,50,5
3,2,6,16,38.65,34,41,49,19,43,25,54,0
12,2,6,116,38.65,42,45,32,17,41,21,14,1
3,8,9,73,39.25,49,19,34,54,14,31,14,0
3,8,6,106,39.25,39,32,27,23,47,43,37,11
12,8,6,44,39.25,34,52,37,39,14,48,33,5
3,2,6,5,38.65,32,14,18,54,25,14,31,13
4,8,6,68,39.25,53,40,32,16,14,24,22,10
4,8,9,116,39.25,55,46,26,18,22,36,25,15
12,2,6,43,38.65,34,52,37,39,25,14,25,5
3,2,6,102,38.65,18,55,32,54,14,36,22,13
12,2,6,58,38.65,34,52,37,39,14,24,28,5
3,8,9,23,39.25,54,55,18,32,28,51,25,13
3,8,6,79,39.25,26,55,46,18,38,36,54,15
4,8,6,54,39.25,27,23,39,32,41,21,25,11
3,2,6,18,38.65,24,55,46,18,14,47,54,15
12,2,9,76,38.65,23,39,47,27,14,43,35,11
12,8,6,92,39.25,45,17,32,42,43,24,14,1
3,8,9,101,39.25,23,39,32,27,14,14,21,11
12,8,6,94,39.25,53,44,40,32,44,38,14,10
4,2,9,96,38.65,23,32,39,51,28,47,31,11
3,2,9,54,38.65,34,52,37,39,35,14,21,5
12,2,6,67,38.65,17,32,42,45,41,43,38,1
4,8,6,65,39.25,17,45,42,32,22,31,22,1
3,8,6,59,39.25,53,16,40,32,51,14,25,10
3,2,6,65,38.65,26,55,46,18,48,33,37,15
4,2,6,33,38.65,39,37,52,34,47,33,35,5
12,8,6,93,39.25,32,39,23,38,25,38,33,11
4,8,6,76,39.25,26,55,46,18,48,14,38,15
3,2,9,89,38.65,26,55,46,18,50,28,38,15
4,2,6,107,38.65,54,18,32,55,22,47,24,13
12,8,9,107,39.25,34,52,37,39,43,31,50,5
4,8,9,37,39.25,55,18,54,32,35,25,38,13
3,8,6,54,39.25,17,45,42,32,14,24,14,1
12,2,6,47,38.65,36,42,32,17,47,35,35,1
3,2,9,43,38.65,23,27,39,32,14,48,14,11
3,2,9,73,38.65,32,30,20,36,24,14,43,7
12,2,6,20,38.65,32,20,36,30,47,37,21,7
12,8,6,87,39.25,23,39,32,27,14,48,31,11
3,8,6,81,39.25,23,39,32,27,48,36,31,11
3,8,6,80,39.25,17,32,45,14,38,51,35,1
12,8,6,50,39.25,26,55,46,18,22,36,22,15
12,8,6,60,39.25,17,45,42,32,14,35,14,1
4,2,6,76,38.65,53,16,40,32,21,51,28,10
12,2,6,82,38.65,52,35,34,39,25,33,51,5
12,8,6,52,39.25,30,20,32,36,43,38,28,7
4,2,9,23,38.65,32,20,36,30,31,14,22,7
3,8,6,68,39.25,35,45,14,32,47,35,21,1
12,2,9,93,38.65,34,52,37,39,51,54,54,5
3,2,9,38,38.65,36,14,54,27,25,36,25,11
12,8,6,63,39.25,49,19,34,54,31,28,37,0
3,8,9,36,39.25,54,55,32,18,51,28,43,13
3,8,6,81,39.25,36,30,32,20,24,38,21,7
4,8,9,58,39.25,39,32,27,23,48,14,43,11
4,2,9,43,38.65,27,32,39,23,28,14,51,11
12,2,6,94,38.65,20,32,30,36,44,43,38,7
12,2,6,114,38.65,23,39,32,14,14,14,43,11
3,2,6,61,38.65,39,27,23,14,24,47,51,11
4,2,6,10,38.65,45,32,42,17,43,43,14,1
12,8,6,9,39.25,54,32,18,55,25,43,14,13
12,8,6,79,39.25,32,27,39,23,28,14,28,11
4,8,9,98,39.25,26,55,46,18,38,14,14,15
12,8,6,25,39.25,32,18,54,55,14,25,44,13
12,2,6,95,38.65,30,32,36,20,14,14,35,7
3,8,6,78,39.25,30,44,32,36,50,14,31,7
4,8,9,9,39.25,55,32,44,54,48,14,24,13
3,2,9,77,38.65,18,55,32,54,38,41,25,13
4,8,6,113,39.25,16,53,32,14,14,43,33,10
4,2,9,72,38.65,32,20,36,30,48,50,29,7
3,8,9,32,39.25,35,26,46,18,14,29,14,15
12,8,6,116,39.25,17,42,32,45,50,44,24,1
12,8,9,10,39.25,34,51,37,52,44,44,21,5
12,8,6,105,39.25,18,55,46,26,35,14,21,15
3,2,9,109,38.65,26,55,46,18,25,50,22,15
3,2,6,33,38.65,27,39,23,32,48,54,36,11
4,2,6,22,38.65,37,52,34,39,14,44,14,5
12,8,9,40,39.25,32,20,36,30,54,43,24,7
4,8,6,24,39.25,36,54,32,18,14,25,14,13
12,2,6,86,38.65,34,52,37,39,28,38,43,5
3,8,6,80,39.25,49,19,34,54,44,36,14,0
12,8,9,81,39.25,49,19,34,54,31,43,33,0
3,8,9,96,39.25,55,18,32,54,54,35,51,13
3,8,6,59,39.25,17,42,32,45,50,43,14,1
3,2,9,107,38.65,34,52,37,39,25,14,36,5
4,8,6,23,39.25,32,20,36,30,14,37,22,7
3,8,6,38,39.25,18,55,32,54,24,14,44,13
4,8,6,79,39.25,39,34,52,37,37,35,41,5
3,8,6,92,39.25,26,46,55,18,43,54,43,15
4,2,6,106,38.65,32,14,36,30,37,14,21,7
3,2,6,113,38.65,32,43,20,36,41,38,14,7
12,8,6,48,39.25,55,26,46,14,28,43,28,15
12,8,9,58,39.25,46,55,18,26,43,43,14,15
12,2,6,114,38.65,27,23,32,39,35,50,37,11
12,8,6,22,39.25,18,55,50,46,24,47,41,15
3,2,6,103,38.65,23,39,32,27,14,48,36,11
12,2,9,53,38.65,34,52,37,39,47,14,14,5
4,8,9,90,39.25,34,52,37,39,37,22,14,5
4,8,9,13,39.25,54,29,32,18,14,24,31,13
12,2,6,17,38.65,55,26,46,14,29,14,22,15
4,2,6,52,38.65,39,27,23,32,31,43,33,11
12,8,6,100,39.25,26,55,46,18,44,22,24,15
3,8,9,55,39.25,23,39,32,27,29,36,35,11
4,2,6,34,38.65,17,45,42,32,14,41,50,1
12,2,9,44,38.65,23,39,32,14,47,29,38,11
4,8,6,33,39.25,42,17,32,45,25,14,14,1
4,8,9,50,39.25,49,19,34,54,33,51,25,0
12,8,6,92,39.25,17,45,42,32,25,14,14,1
3,8,9,17,39.25,36,32,20,30,31,50,29,7
4,2,6,45,38.65,23,32,27,14,47,38,44,11
4,8,9,52,39.25,18,26,46,55,14,37,24,15
12,2,9,93,38.65,52,37,39,34,35,54,25,5
12,2,6,17,38.65,17,42,45,32,41,43,24,1
3,8,6,4,39.25,30,32,36,20,14,33,14,7
4,8,6,81,39.25,20,36,32,30,24,14,38,7
3,2,9,101,38.65,23,39,32,27,22,36,14,11
3,2,6,85,38.65,17,45,42,32,31,14,50,1
4,8,6,43,39.25,36,30,32,20,33,28,14,7
4,8,6,10,39.25,42,32,45,17,47,48,14,1
4,2,9,36,38.65,55,26,46,18,37,50,14,15
12,2,6,112,38.65,26,55,46,18,41,41,47,15
3,8,9,108,39.25,55,26,46,18,14,48,28,15
3,8,9,62,39.25,18,55,54,32,43,22,31,13
12,8,6,44,39.25,42,17,32,45,14,14,50,1
12,8,9,112,39.25,34,52,37,39,41,22,35,5
4,2,9,72,38.65,32,20,36,30,14,14,38,7
4,2,6,60,38.65,32,20,50,30,48,21,25,7
4,8,6,85,39.25,23,39,32,27,47,28,35,11
4,2,6,62,38.65,55,46,18,26,22,14,41,15
12,2,6,34,38.65,17,45,42,32,48,36,29,1
12,8,9,32,39.25,32,39,23,27,36,33,50,11
12,2,9,43,38.65,26,55,46,18,14,33,48,15
3,2,9,102,38.65,26,55,46,18,47,24,44,15
3,8,9,80,39.25,34,19,54,49,14,33,14,0
4,2,6,37,38.65,42,45,17,32,25,28,14,1
12,2,6,42,38.65,53,16,40,32,38,28,51,10
4,8,9,121,39.25,34,37,39,52,14,41,38,5
3,8,6,89,39.25,34,52,37,39,36,50,36,5
3,8,9,88,39.25,26,55,46,18,24,14,54,15
12,2,6,33,38.65,42,32,45,17,29,41,29,1
4,2,6,23,38.65,53,32,40,16,14,14,50,10
4,8,9,47,39.25,32,36,20,30,51,14,38,7
3,8,9,62,39.25,32,36,14,20,14,35,44,7
4,8,6,78,39.25,53,40,37,32,22,37,41,10
3,8,9,24,39.25,52,34,39,37,36,14,31,5
4,2,6,72,38.65,30,20,32,36,28,29,28,7
12,2,9,106,38.65,30,20,32,36,54,14,33,7
12,8,6,36,39.25,42,45,17,32,31,14,31,1
12,2,6,20,38.65,32,45,17,42,14,37,35,1
4,8,6,55,39.25,42,32,45,17,29,24,48,1
4,8,6,50,39.25,32,20,36,30,14,14,37,7
12,8,6,91,39.25,52,37,34,39,22,29,48,5
3,8,6,25,39.25,32,55,54,18,14,21,43,13
12,8,6,99,39.25,26,46,18,55,33,50,21,15
3,2,6,85,38.65,32,39,23,27,38,22,38,11
12,8,9,68,39.25,27,39,32,23,33,14,14,11
3,2,6,74,38.65,19,54,34,49,38,31,43,0
12,8,6,38,39.25,26,55,46,18,14,14,14,15
12,2,9,92,38.65,23,39,32,27,48,36,33,11
4,2,6,91,38.65,39,37,52,34,31,22,22,5
3,2,6,53,38.65,26,55,46,18,28,14,51,15
4,8,9,4,39.25,34,52,43,39,14,41,54,5
12,2,9,97,38.65,26,46,18,55,47,25,31,15
4,2,9,56,38.65,49,35,34,54,24,51,35,0
12,2,6,2,38.65,23,39,27,32,14,44,54,11
4,8,9,4,39.25,32,20,36,30,54,44,14,7
4,8,9,83,39.25,54,32,18,55,38,33,22,13
3,8,6,4,39.25,54,19,34,49,51,14,14,0
12,2,6,94,38.65,32,45,17,42,14,21,14,1
12,2,9,44,38.65,32,20,36,30,50,51,44,7
3,2,6,78,38.65,30,36,14,20,36,21,41,7
12,2,9,71,38.65,18,55,32,54,14,14,14,13
4,2,6,31,38.65,17,45,42,14,14,22,21,1
3,8,9,8,39.25,23,39,32,27,33,47,24,11
3,8,9,21,39.25,26,55,46,18,51,33,47,15
12,8,9,54,39.25,34,52,37,39,14,50,48,5
12,8,9,15,39.25,46,55,18,26,41,48,14,15
4,8,6,34,39.25,26,55,46,14,29,31,35,15
3,2,6,8,38.65,45,42,17,32,51,54,29,1
12,8,9,33,39.25,49,19,34,54,50,51,14,0
12,2,6,15,38.65,49,14,34,54,41,35,36,0
4,8,6,105,39.25,17,45,42,32,24,31,14,1
12,2,6,110,38.65,19,54,34,14,14,22,48,0
4,2,6,59,38.65,26,55,46,18,24,25,25,15
3,8,6,54,39.25,34,52,37,39,14,48,14,5
12,2,6,15,38.65,31,39,32,27,21,14,48,11
3,2,6,42,38.65,40,53,16,32,35,51,35,10
4,8,9,79,39.25,34,52,37,39,29,22,54,5
3,8,9,102,39.25,37,39,52,34,24,51,35,5
4,2,9,102,38.65,32,20,30,36,21,48,14,7
4,8,6,87,39.25,55,18,14,46,28,14,47,15
4,8,6,25,39.25,34,52,37,14,50,47,33,5
3,2,9,120,38.65,23,39,32,27,54,33,48,11
4,8,9,78,39.25,26,18,55,46,54,14,31,15
12,8,9,75,39.25,49,19,34,54,28,47,21,0
12,2,9,73,38.65,49,19,34,54,14,14,21,0
4,8,6,119,39.25,17,45,42,32,14,38,14,1
4,2,6,21,38.65,23,39,32,27,29,36,47,11
4,2,6,112,38.65,54,32,55,18,37,33,14,13
3,2,6,26,38.65,53,16,40,32,14,29,14,10
3,2,6,3,38.65,34,52,39,37,43,33,21,5
4,8,6,109,39.25,32,20,33,30,43,47,14,7
4,8,6,29,39.25,30,14,32,20,14,41,25,7
12,8,6,35,39.25,32,20,36,30,47,14,25,7
3,2,9,15,38.65,34,37,39,52,25,50,22,5
4,2,6,30,38.65,34,39,37,52,14,22,14,5
12,2,6,61,38.65,37,39,34,52,47,50,54,5
4,2,6,8,38.65,26,55,46,18,22,14,22,15
4,2,6,78,38.65,18,26,46,55,51,14,37,15
12,8,6,97,39.25,38,55,46,18,25,14,14,15
4,8,6,106,39.25,46,26,18,14,21,33,43,15
4,8,9,89,39.25,34,52,37,39,29,37,14,5
4,8,9,27,39.25,32,14,36,30,14,14,41,7
4,8,9,115,39.25,18,55,32,54,33,44,29,13
4,8,6,82,39.25,23,39,32,27,21,41,43,11
4,8,9,86,39.25,20,30,36,32,28,41,14,7
4,8,6,71,39.25,55,32,54,18,14,41,36,13
12,8,9,37,39.25,34,52,37,39,14,31,25,5
12,2,9,62,38.65,46,18,55,26,47,14,41,15
4,2,6,120,38.65,32,20,36,30,14,14,29,7
4,2,6,76,38.65,45,17,32,42,14,37,38,1
4,2,9,30,38.65,32,30,20,36,33,24,54,7
4,8,6,7,39.25,39,34,52,37,31,21,47,5
12,2,6,48,38.65,55,18,32,54,47,47,43,13
4,2,9,83,38.65,34,52,37,39,14,36,14,5
4,8,6,7,39.25,53,16,40,32,33,44,54,10
12,2,9,96,38.65,34,52,37,39,14,22,48,5
3,2,6,68,38.65,39,34,37,52,24,35,47,5
3,2,6,103,38.65,37,39,14,52,51,50,51,5
4,2,9,10,38.65,23,39,32,27,14,14,14,11
3,2,6,110,38.65,19,54,14,34,14,24,14,0
3,8,9,81,39.25,32,20,36,30,41,14,38,7
3,8,6,38,39.25,42,32,17,45,14,41,14,1
12,2,6,33,38.65,17,45,42,32,14,38,14,1
4,2,6,93,38.65,17,36,32,45,31,44,14,1
3,8,9,111,39.25,52,39,34,37,28,48,14,5
4,8,6,101,39.25,26,55,46,18,25,48,14,15
3,2,9,7,38.65,34,14,37,39,14,22,14,5
4,8,9,110,39.25,46,26,55,18,54,14,54,15
3,2,9,96,38.65,55,18,28,26,14,51,51,15
4,2,9,72,38.65,32,30,36,20,38,54,21,7
4,8,9,117,39.25,26,55,46,18,50,36,36,15
3,2,6,25,38.65,55,54,18,32,54,31,50,13
12,8,6,15,39.25,27,23,32,39,25,21,21,11
3,8,6,111,39.25,39,32,23,27,44,14,50,11
4,8,6,82,39.25,17,45,42,32,14,50,48,1
4,2,6,91,38.65,55,32,18,54,50,37,28,13
3,2,6,7,38.65,26,55,46,14,14,50,14,15
3,8,6,11,39.25,42,17,14,32,50,35,48,1
4,2,9,71,38.65,18,26,55,46,14,54,50,15
12,8,6,33,39.25,32,39,27,23,38,47,47,11
12,8,6,91,39.25,42,17,45,32,47,36,51,1
12,8,6,45,39.25,27,32,23,39,14,43,31,11
3,8,6,79,39.25,17,45,42,32,33,37,24,1
4,2,9,24,38.65,32,18,55,54,37,24,31,13
12,2,6,61,38.65,34,52,37,39,33,54,24,5
12,8,9,106,39.25,23,39,32,27,31,36,48,11
12,2,6,55,38.65,17,45,42,32,22,14,43,1
12,8,6,35,39.25,26,55,46,18,28,14,14,15
12,2,9,92,38.65,34,37,52,39,14,33,41,5
4,8,9,7,39.25,49,19,34,54,28,51,22,0
12,2,6,42,38.65,53,16,40,32,22,29,14,10
12,2,9,80,38.65,26,55,46,18,47,36,37,15
12,8,6,30,39.25,26,55,46,18,50,28,35,15
12,8,9,17,39.25,23,39,32,27,41,14,14,11
3,8,6,98,39.25,18,55,54,32,25,50,14,13
12,8,6,21,39.25,49,19,34,54,44,38,35,0
4,8,9,99,39.25,23,39,32,27,22,43,36,11
4,2,9,29,38.65,32,20,36,30,14,31,47,7
3,8,6,115,39.25,23,39,32,27,14,43,22,11
4,2,9,55,38.65,54,18,55,32,43,14,14,13
12,2,6,25,38.65,32,55,54,18,14,31,28,13
4,8,9,50,39.25,39,34,52,37,44,36,21,5
3,8,9,109,39.25,49,54,14,34,44,21,35,0
12,8,9,7,39.25,26,46,18,55,37,21,35,15
12,2,6,22,38.65,32,23,39,27,48,14,14,11
4,8,6,61,39.25,17,42,14,32,22,36,36,1
4,2,9,114,38.65,23,28,32,27,14,14,50,11
12,2,9,104,38.65,20,36,32,30,25,14,43,7
12,8,6,84,39.25,37,34,52,39,21,36,14,5
3,2,9,65,38.65,34,37,14,14,14,28,44,5
12,2,9,89,38.65,26,55,46,18,21,14,41,15
3,8,6,115,39.25,20,32,30,36,14,47,14,7
12,8,6,66,39.25,55,14,32,18,24,14,31,13
4,2,9,18,38.65,26,55,46,18,38,14,33,15
12,8,9,89,39.25,49,19,34,54,33,33,24,0
4,2,6,109,38.65,49,19,34,14,14,21,47,0
3,8,9,19,39.25,34,49,54,19,33,44,50,0
3,2,6,94,38.65,17,45,42,32,47,43,14,1
4,2,6,65,38.65,17,45,42,32,31,36,37,1
12,2,6,9,38.65,53,16,40,32,25,51,21,10
3,8,9,53,39.25,32,54,55,18,37,41,14,13
3,2,9,110,38.65,32,20,36,30,41,14,43,7
4,8,6,15,39.25,34,52,37,39,21,14,37,5
12,2,6,35,38.65,18,46,26,55,33,33,14,15
12,2,9,75,38.65,30,36,32,20,14,44,14,7
4,8,9,85,39.25,52,39,34,37,35,31,14,5
12,2,6,58,38.65,23,39,32,27,37,38,38,11
3,2,6,16,38.65,32,14,36,30,54,24,35,7
3,8,6,46,39.25,39,27,32,23,43,35,43,11
12,2,9,4,38.65,30,32,20,36,44,37,28,7
4,8,6,50,39.25,26,55,46,18,28,29,48,15
12,8,6,115,39.25,23,39,32,27,14,14,51,11
4,8,6,76,39.25,32,40,16,53,37,24,14,10
3,8,6,18,39.25,32,27,23,39,44,31,54,11
12,8,6,88,39.25,52,37,34,39,29,38,38,5
12,2,6,30,38.65,54,39,32,27,33,28,31,11
4,8,6,35,39.25,32,23,39,27,14,36,14,11
12,8,9,59,39.25,32,20,36,30,21,38,47,7
12,8,6,64,39.25,53,16,40,32,29,25,51,10
12,8,6,35,39.25,18,55,26,46,14,50,14,15
4,2,6,103,38.65,32,39,27,23,48,22,50,11
12,2,6,41,38.65,20,36,30,32,31,14,29,7
3,8,6,82,39.25,53,16,40,32,21,21,36,10
12,2,6,50,38.65,30,32,20,36,41,33,38,7
12,2,6,69,38.65,32,20,36,30,51,43,24,7
12,2,9,99,38.65,46,26,18,55,22,14,38,15
12,8,9,13,39.25,32,27,39,23,14,48,14,11
3,8,6,7,39.25,20,32,36,30,14,31,37,7
4,8,6,115,39.25,23,32,39,27,14,51,51,11
12,2,9,56,38.65,54,55,32,18,43,25,37,13
4,2,6,92,38.65,49,19,34,54,48,36,48,0
12,2,9,25,38.65,54,49,19,34,14,25,37,0
12,8,9,16,39.25,37,34,39,52,21,43,22,5
12,2,9,46,38.65,23,39,14,27,35,38,25,11
4,8,6,1,39.25,53,16,40,32,33,22,36,10
4,2,6,104,38.65,42,17,32,38,41,14,24,1
12,8,6,63,39.25,32,28,23,14,14,21,50,11
4,2,6,72,38.65,32,45,42,17,14,51,36,1
4,2,9,105,38.65,32,20,36,30,43,51,21,7
3,2,6,68,38.65,40,32,16,53,48,43,21,10
3,8,6,13,39.25,32,53,16,40,25,25,14,10
3,8,9,89,39.25,32,20,14,54,29,14,37,7
3,2,6,49,38.65,17,42,45,32,14,14,25,1
12,8,6,89,39.25,32,20,36,30,14,14,24,7
3,2,9,46,38.65,39,24,14,23,14,14,37,11
12,2,9,103,38.65,55,44,18,46,14,37,14,15
4,2,9,75,38.65,52,34,37,39,54,44,14,5
4,8,6,28,39.25,16,53,32,40,14,35,14,10
12,8,9,66,39.25,32,55,54,18,14,28,14,13
4,2,6,46,38.65,45,36,42,14,36,14,47,1
12,2,6,75,38.65,32,53,40,16,22,31,28,10
3,8,6,49,39.25,17,42,32,45,22,51,41,1
12,2,6,67,38.65,36,32,30,51,33,14,44,7
12,8,6,69,39.25,23,39,32,27,22,21,14,11
3,8,6,56,39.25,42,45,17,32,24,14,33,1
4,2,9,27,38.65,49,19,34,54,51,54,54,0
12,2,6,77,38.65,27,23,32,39,28,48,14,11
3,2,9,110,38.65,30,32,36,14,21,36,14,7
3,8,9,44,39.25,55,54,18,47,21,33,50,13
3,2,9,74,38.65,37,52,34,39,41,28,47,5
3,2,6,105,38.65,53,16,40,32,44,37,24,10
3,8,6,24,39.25,52,37,34,39,35,21,35,5
4,2,9,69,38.65,39,23,27,32,51,22,24,11
3,2,9,64,38.65,49,19,34,54,54,50,14,0
3,8,9,115,39.25,32,20,36,30,54,14,44,7
4,8,6,75,39.25,18,55,26,35,22,14,51,15
3,2,6,84,38.65,17,45,42,32,28,24,33,1
3,8,6,91,39.25,34,52,37,39,22,28,29,5
3,8,6,42,39.25,23,27,32,14,47,50,47,11
4,2,9,76,38.65,52,39,34,37,54,14,14,5
4,8,9,59,39.25,23,39,32,27,24,25,14,11
3,2,6,102,38.65,32,20,36,30,35,48,47,7
12,8,9,50,39.25,18,55,32,54,38,36,22,13
3,2,9,62,38.65,36,32,30,20,54,38,29,7
3,8,6,35,39.25,34,14,37,39,54,48,44,5
4,8,6,68,39.25,34,14,54,49,22,50,41,0
12,8,6,16,39.25,49,54,19,35,54,14,51,0
4,2,9,117,38.65,39,52,34,37,14,50,47,5
12,8,9,20,39.25,49,34,19,14,14,35,47,0
3,8,6,52,39.25,17,45,42,32,54,36,14,1
3,8,6,126,39.25,34,52,37,39,43,50,35,5
3,2,6,14,38.65,55,54,18,32,21,38,14,13
12,8,6,13,39.25,40,32,16,53,29,33,41,10
12,8,9,21,39.25,39,27,32,23,29,22,38,11
4,2,9,32,38.65,32,18,54,55,50,14,22,13
3,2,6,51,38.65,17,42,38,32,14,14,22,1
12,2,9,67,38.65,32,36,30,20,14,50,14,7
12,2,6,35,38.65,34,52,37,39,14,21,36,5
12,8,9,106,39.25,54,36,55,18,29,28,14,13
3,8,9,75,39.25,55,26,18,41,44,35,50,15
4,2,9,97,38.65,34,39,52,37,51,43,29,5
3,8,6,18,39.25,20,32,36,30,14,36,47,7
4,2,6,37,38.65,49,19,34,54,35,44,14,0
12,2,6,77,38.65,19,49,34,14,14,14,43,0
3,8,9,111,39.25,55,54,32,18,14,44,37,13
3,8,6,33,39.25,52,34,37,39,22,54,14,5
12,8,9,119,39.25,23,39,32,27,14,43,14,11
3,8,6,90,39.25,41,14,34,54,14,22,25,0
3,2,6,49,38.65,42,45,17,32,14,33,25,1
4,8,9,6,39.25,23,39,32,27,21,14,44,11
4,2,6,122,38.65,46,18,55,26,22,33,38,15
12,8,9,89,39.25,34,52,37,39,43,14,37,5
12,8,6,109,39.25,32,45,17,42,14,44,21,1
3,8,6,90,39.25,54,49,19,34,38,37,50,0
4,2,6,76,38.65,32,16,40,53,54,14,14,10
3,2,6,56,38.65,23,39,32,27,21,51,38,11
3,2,6,71,38.65,26,55,46,18,47,14,24,15
3,8,9,25,39.25,46,18,55,26,38,35,14,15
12,8,6,77,39.25,34,52,37,39,44,14,14,5
3,2,6,106,38.65,18,55,46,26,48,37,29,15
3,8,6,49,39.25,18,55,26,46,48,36,51,15
3,2,9,85,38.65,54,18,55,32,37,28,37,13
4,2,6,84,38.65,53,16,40,43,51,48,37,10
3,2,6,92,38.65,18,55,32,54,47,14,48,13
3,2,6,111,38.65,30,32,36,20,35,37,51,7
4,2,9,7,38.65,18,55,54,32,14,14,25,13
12,2,6,118,38.65,49,19,34,54,44,38,37,0
4,8,9,1,39.25,34,14,52,37,37,29,33,5
12,8,9,65,39.25,23,32,27,39,25,51,36,11
12,2,9,100,38.65,37,52,39,34,14,43,14,5
4,2,6,123,38.65,37,52,39,34,33,44,21,5
12,8,6,33,39.25,34,39,52,37,50,14,54,5
12,2,6,56,38.65,34,39,38,52,14,37,38,5
3,2,6,79,38.65,53,16,40,32,35,54,41,10
12,8,6,112,39.25,32,42,14,17,14,14,14,1
4,8,9,86,39.25,49,34,54,19,35,14,14,0
4,2,6,116,38.65,32,39,23,27,35,24,33,11
3,2,9,28,38.65,55,26,18,46,31,14,31,15
3,2,9,33,38.65,32,39,23,27,38,51,41,11
4,2,6,112,38.65,53,32,40,14,44,24,28,10
3,8,6,113,39.25,53,16,40,32,31,24,36,10
3,8,6,43,39.25,46,26,55,18,36,36,36,15
3,2,6,97,38.65,23,39,32,27,50,25,14,11
3,2,6,124,38.65,53,16,32,40,36,54,14,10
4,8,6,116,39.25,49,19,34,54,35,28,47,0
4,8,9,16,39.25,23,14,32,27,41,41,14,11
12,2,6,33,38.65,55,26,18,46,22,44,36,15
12,8,9,29,39.25,46,18,55,14,25,31,14,15
12,2,6,87,38.65,30,32,20,36,37,29,25,7
4,8,9,22,39.25,55,32,54,18,47,14,24,13
3,8,9,42,39.25,32,20,36,30,31,37,21,7
12,2,6,106,38.65,46,55,18,26,47,44,51,15
12,8,9,82,39.25,32,20,36,30,54,25,33,7
12,2,6,17,38.65,45,17,42,32,21,50,14,1
4,8,6,15,39.25,49,19,34,54,50,35,47,0
12,8,9,120,39.25,18,55,32,54,24,14,14,13
3,8,9,56,39.25,32,20,36,30,28,48,14,7
3,2,6,68,38.65,23,39,32,27,14,44,14,11
3,8,6,34,39.25,23,39,32,14,29,51,28,11
12,2,6,109,38.65,36,30,32,20,38,51,31,7
3,8,6,98,39.25,32,20,36,30,37,47,44,7
4,2,6,16,38.65,26,55,46,18,14,14,51,15
4,8,9,103,39.25,27,39,32,23,35,14,41,11
3,2,6,6,38.65,45,17,42,32,47,31,25,1
4,2,9,18,38.65,32,29,36,30,28,29,14,7
12,8,6,61,39.25,23,39,32,27,14,37,24,11
4,2,6,106,38.65,40,16,32,53,28,43,31,10
4,8,9,72,39.25,39,27,23,48,54,31,21,11
4,8,6,16,39.25,54,19,34,49,29,14,29,0
12,2,6,13,38.65,21,54,42,32,44,25,48,1
4,2,9,44,38.65,54,19,34,49,36,47,14,0
12,8,6,75,39.25,26,55,46,18,36,31,24,15
4,8,9,21,39.25,18,26,55,46,14,29,47,15
4,2,9,6,38.65,26,55,14,18,38,14,36,15
12,8,6,34,39.25,17,45,42,32,36,36,14,1
4,8,9,67,39.25,23,14,32,27,31,25,31,11
4,8,6,85,39.25,45,17,42,32,25,22,47,1
3,8,6,38,39.25,17,45,42,32,36,51,29,1
3,2,9,44,38.65,18,55,46,26,43,48,22,15
3,2,9,64,38.65,32,36,20,30,54,31,14,7
12,8,6,20,39.25,32,31,30,20,21,14,35,7
4,8,9,8,39.25,37,39,34,52,14,38,28,5
3,8,6,16,39.25,32,20,36,30,43,22,25,7
3,2,9,85,38.65,34,52,37,39,51,38,41,5
3,8,6,100,39.25,39,37,52,34,31,25,47,5
3,8,6,80,39.25,32,20,14,14,33,41,41,7
12,2,9,114,38.65,34,52,39,37,36,25,14,5
12,8,9,94,39.25,36,32,20,30,22,14,54,7
4,8,6,79,39.25,32,23,39,27,37,22,24,11
12,2,9,73,38.65,41,52,37,39,38,14,14,5
12,2,6,81,38.65,23,39,32,27,35,21,25,11
12,8,6,76,39.25,18,26,55,46,14,14,50,15
4,8,6,116,39.25,49,19,34,54,37,21,14,0
3,8,6,7,39.25,17,45,42,32,48,28,48,1
4,8,9,123,39.25,27,23,32,39,38,51,14,11
3,2,6,89,38.65,40,53,16,32,54,22,47,10
3,2,9,94,38.65,27,32,23,39,41,38,31,11
3,2,9,91,38.65,20,14,32,30,38,47,14,7
12,2,6,74,38.65,42,32,45,17,29,24,14,1
4,2,6,82,38.65,32,45,17,42,14,31,41,1
3,8,9,61,39.25,32,39,23,27,37,33,14,11
4,8,6,83,39.25,39,34,37,52,36,21,43,5
4,8,6,52,39.25,26,55,46,18,43,36,25,15
4,2,9,91,38.65,47,34,37,39,36,14,51,5
3,2,9,20,38.65,34,52,14,39,29,14,14,5
4,8,6,84,39.25,54,45,42,32,48,29,44,1
3,2,6,95,38.65,32,20,36,30,36,14,25,7
3,8,6,75,39.25,45,42,32,17,25,14,50,1
12,2,6,121,38.65,40,53,32,16,14,54,14,10
3,8,6,75,39.25,23,39,32,41,38,28,51,11
3,8,6,108,39.25,39,34,52,37,22,41,48,5
4,8,6,116,39.25,18,55,32,54,31,14,41,13
3,2,9,93,38.65,18,26,55,46,44,24,29,15
12,8,9,109,39.25,26,55,46,18,50,25,51,15
3,2,6,39,38.65,39,24,52,34,35,14,14,5
4,2,6,112,38.65,17,45,42,32,14,47,38,1
3,2,6,108,38.65,37,48,34,52,14,33,50,5
3,2,6,18,38.65,49,34,19,54,41,37,33,0
12,2,9,94,38.65,34,54,49,14,37,14,37,0
3,8,6,89,39.25,54,18,55,32,37,14,29,13
12,2,9,74,38.65,52,37,34,39,21,28,54,5
3,2,6,46,38.65,32,20,36,30,54,38,21,7
3,8,6,41,39.25,17,45,42,32,31,29,38,1
3,2,6,1,38.65,53,16,40,14,14,29,50,10
3,8,6,117,39.25,23,39,32,27,14,43,54,11
12,2,9,113,38.65,23,39,32,27,36,14,14,11
4,2,9,69,38.65,23,27,39,32,22,28,36,11
3,8,9,57,39.25,41,14,34,49,33,14,28,0
4,8,6,63,39.25,37,52,39,34,21,14,31,5
12,2,9,92,38.65,32,36,30,20,43,29,31,7
4,8,9,114,39.25,49,19,34,54,47,33,47,0
12,8,6,12,39.25,32,14,17,42,21,54,28,1
12,8,9,64,39.25,23,39,32,27,33,36,38,11
4,2,6,116,38.65,53,16,40,32,35,50,35,10
3,8,6,110,39.25,32,20,36,30,37,25,14,7
3,8,9,1,39.25,52,39,34,21,38,14,14,5
12,2,9,65,38.65,49,19,34,54,29,50,14,0
12,2,9,15,38.65,23,32,39,27,51,14,37,11
3,2,6,116,38.65,32,20,22,30,21,14,36,7
12,2,6,103,38.65,54,32,55,18,50,50,47,13
3,8,9,70,39.25,36,20,30,32,31,24,50,7
4,2,9,98,38.65,32,20,36,30,28,54,25,7
4,2,9,52,38.65,30,32,36,20,25,28,24,7
12,8,6,89,39.25,39,34,41,52,35,31,50,5
3,2,9,50,38.65,34,52,37,39,48,14,31,5
4,2,6,68,38.65,36,20,32,30,33,43,41,7
12,2,6,65,38.65,42,17,32,45,14,31,54,1
4,8,9,83,39.25,18,55,32,54,54,35,14,13
12,8,6,104,39.25,17,45,42,32,50,14,38,1
3,2,9,35,38.65,34,37,52,39,14,24,24,5
12,2,6,1,38.65,38,17,14,32,22,25,37,1
3,8,9,49,39.25,27,14,39,23,41,28,28,11
12,8,9,46,39.25,49,19,34,54,37,41,38,0
12,8,9,66,39.25,18,46,55,26,50,14,38,15
3,2,6,53,38.65,16,14,53,32,14,14,51,10
3,8,9,110,39.25,26,55,46,18,41,21,14,15
3,8,9,89,39.25,26,55,46,18,41,22,54,15
12,2,9,32,38.65,21,18,54,55,25,50,21,13
3,8,9,94,39.25,20,32,36,30,24,28,29,7
12,2,9,29,38.65,32,20,36,30,48,14,37,7
3,8,9,35,39.25,34,52,37,39,25,14,14,5
4,8,9,60,39.25,34,52,37,39,50,37,48,5
12,2,6,74,38.65,32,20,36,30,14,29,41,7
4,8,6,114,39.25,20,36,30,32,33,47,22,7
3,2,6,108,38.65,32,42,45,17,33,14,24,1
4,2,9,71,38.65,26,55,46,18,25,14,25,15
12,2,6,109,38.65,26,55,46,18,47,21,14,15
4,8,9,27,39.25,20,50,30,32,44,22,44,7
12,2,6,32,38.65,39,23,27,32,14,43,25,11
12,2,6,72,38.65,53,32,16,40,33,14,33,10
4,8,6,83,39.25,45,17,42,32,21,47,38,1
12,8,9,109,39.25,18,55,32,54,41,36,14,13
12,8,6,68,39.25,32,20,36,30,14,37,25,7
3,8,6,112,39.25,53,40,43,32,41,29,50,10
4,8,9,8,39.25,26,55,46,18,35,43,14,15
12,2,9,23,38.65,34,54,19,14,36,14,14,0
4,2,6,94,38.65,26,55,46,18,37,14,38,15
12,8,6,99,39.25,42,45,32,14,24,50,44,1
3,8,6,50,39.25,26,55,46,18,50,50,43,15
3,8,6,21,39.25,42,32,17,45,48,28,48,1
12,2,9,95,38.65,55,26,14,46,14,48,47,15
3,8,6,53,39.25,39,23,27,32,36,14,31,11
3,2,9,55,38.65,55,18,31,32,21,21,41,13
4,8,9,23,39.25,32,18,54,55,54,14,14,13
12,8,9,60,39.25,55,32,54,18,38,43,38,13
12,8,9,37,39.25,30,20,36,32,21,28,25,7
12,2,6,33,38.65,49,19,34,54,36,14,14,0
4,8,6,50,39.25,16,32,14,53,44,14,41,10
4,8,6,44,39.25,32,30,20,36,38,54,35,7
4,8,6,23,39.25,34,52,37,39,14,14,43,5
4,2,9,10,38.65,36,20,30,32,24,14,48,7
4,8,9,1,39.25,49,31,19,34,21,14,41,0
12,2,6,28,38.65,32,20,36,30,36,48,43,7
3,2,9,104,38.65,26,55,46,18,47,31,41,15
3,2,9,77,38.65,52,39,14,34,47,51,43,5
3,8,9,91,39.25,46,55,26,18,14,41,54,15
4,8,6,18,39.25,32,17,45,42,14,38,14,1
12,2,9,57,38.65,18,55,32,54,14,14,22,13
12,8,9,9,39.25,34,54,19,49,35,37,35,0
3,2,9,7,38.65,39,27,32,23,54,25,37,11
4,8,6,13,39.25,23,39,32,27,14,14,28,11
12,8,9,121,39.25,46,55,26,43,14,25,54,15
12,8,6,79,39.25,34,52,37,39,48,33,24,5
4,8,9,91,39.25,52,37,34,39,36,54,14,5
12,8,6,23,39.25,17,45,42,14,38,14,50,1
3,2,9,34,38.65,20,36,32,30,44,21,22,7
12,8,6,64,39.25,45,17,42,32,50,54,44,1
3,8,6,35,39.25,52,39,34,37,33,35,47,5
4,8,6,38,39.25,37,33,42,32,24,54,25,1
12,8,9,112,39.25,34,52,37,39,21,14,51,5
3,2,9,86,38.65,30,36,32,20,22,24,29,7
4,2,9,107,38.65,39,14,23,27,51,28,31,11
3,8,6,99,39.25,17,45,42,32,47,36,14,1
3,2,6,65,38.65,23,39,14,27,14,47,22,11
3,8,6,122,39.25,40,16,53,32,14,22,14,10
12,2,6,42,38.65,36,30,20,32,24,35,47,7
12,8,6,65,39.25,17,45,42,32,28,24,43,1
3,2,9,1,38.65,55,18,26,46,25,25,29,15
12,8,6,82,39.25,54,19,49,14,14,28,14,0
4,8,6,122,39.25,32,17,42,45,28,31,50,1
12,2,6,10,38.65,26,55,46,18,47,54,36,15
12,2,6,9,38.65,34,39,52,37,14,14,37,5
4,8,6,87,39.25,17,45,42,32,14,51,54,1
12,2,9,82,38.65,23,39,32,27,14,24,14,11
3,8,6,35,39.25,26,55,46,18,24,14,14,15
3,2,9,73,38.65,54,34,49,19,51,36,54,0
4,2,6,41,38.65,40,32,16,14,35,43,44,10
3,8,6,1,39.25,26,41,46,18,14,36,51,15
3,8,6,49,39.25,23,39,14,27,41,51,24,11
12,8,9,42,39.25,23,39,32,27,51,38,35,11
3,8,6,27,39.25,16,32,53,40,37,35,35,10
12,8,6,14,39.25,26,55,46,18,48,25,14,15
4,2,9,46,38.65,32,20,36,30,38,14,38,7
12,2,6,60,38.65,36,55,46,18,14,14,54,15
4,2,9,69,38.65,18,55,46,26,28,44,38,15
3,2,9,87,38.65,39,34,37,52,36,14,31,5
4,8,9,126,39.25,34,52,37,39,54,43,22,5
4,2,9,69,38.65,26,18,14,41,35,29,48,15
4,8,9,86,39.25,18,55,32,44,28,14,14,13
12,8,6,14,39.25,30,32,14,20,14,29,51,7
12,8,6,65,39.25,17,45,42,32,21,44,44,1
3,2,6,102,38.65,17,45,42,32,14,38,35,1
4,2,9,62,38.65,26,55,18,44,47,31,14,15
4,2,9,29,38.65,30,36,32,20,44,35,41,7
3,2,9,30,38.65,19,34,54,49,43,51,14,0
4,2,6,10,38.65,17,45,42,32,35,41,24,1
3,2,9,45,38.65,55,18,46,26,47,14,31,15
12,8,6,36,39.25,32,55,18,54,14,43,22,13
12,8,6,13,39.25,34,39,37,52,14,37,44,5
4,8,6,110,39.25,26,55,46,18,14,28,14,15
12,2,9,1,38.65,30,36,32,20,28,14,48,7
12,2,6,21,38.65,40,53,32,16,14,14,44,10
3,2,9,61,38.65,23,39,32,27,48,35,54,11
12,8,9,109,39.25,27,24,23,32,21,22,35,11
3,8,6,64,39.25,32,20,36,30,14,25,14,7
3,2,6,22,38.65,45,32,17,42,44,14,47,1
12,2,9,101,38.65,26,55,46,18,36,29,21,15
12,8,6,23,39.25,17,42,45,32,14,48,22,1
12,8,9,87,39.25,18,32,54,14,54,14,38,13
12,8,9,51,39.25,34,19,54,49,14,14,31,0
12,8,9,62,39.25,32,20,36,30,47,28,36,7
3,8,6,98,39.25,26,46,55,18,47,37,31,15
3,2,9,12,38.65,30,36,32,20,51,54,44,7
12,8,6,80,39.25,45,42,17,32,48,54,31,1
12,8,9,78,39.25,26,55,46,18,36,31,43,15
4,2,6,79,38.65,45,17,42,32,31,41,21,1
12,8,6,111,39.25,40,16,32,53,21,50,14,10
3,2,6,35,38.65,49,19,34,54,25,36,24,0
4,8,6,1,39.25,32,36,20,30,21,14,29,7
3,2,6,11,38.65,53,16,40,32,47,14,35,10
3,8,6,104,39.25,32,27,39,23,50,31,28,11
4,2,6,75,38.65,40,16,53,32,36,24,22,10
3,2,6,97,38.65,39,32,27,23,54,37,14,11
3,8,6,88,39.25,30,36,20,32,29,41,14,7
12,2,9,50,38.65,55,18,46,26,37,29,43,15
4,2,6,87,38.65,17,45,42,32,24,22,41,1
12,2,9,46,38.65,49,19,34,54,31,33,29,0
12,2,6,115,38.65,40,16,14,53,29,14,24,10
4,2,9,86,38.65,34,14,37,39,14,36,41,5
4,8,9,96,39.25,18,54,55,32,28,29,41,13
12,2,9,19,38.65,20,30,32,36,14,14,54,7
12,8,6,10,39.25,18,55,32,54,21,29,14,13
4,8,6,73,39.25,23,39,32,27,37,31,36,11
4,8,6,3,39.25,27,23,39,32,22,25,48,11
12,2,6,21,38.65,39,32,27,23,14,14,14,11
3,2,9,14,38.65,32,20,36,30,28,29,50,7
4,2,6,82,38.65,52,39,37,34,14,28,36,5
3,8,6,73,39.25,17,45,32,42,33,54,25,1
12,2,6,43,38.65,32,20,36,30,33,24,50,7
3,8,6,93,39.25,53,16,40,32,33,14,54,10
3,8,6,114,39.25,53,16,40,32,14,14,29,10
12,8,9,17,39.25,34,54,19,49,14,22,48,0
4,8,6,1,39.25,18,48,54,32,14,29,54,13
12,8,6,87,39.25,20,14,30,36,35,28,36,7
3,2,6,32,38.65,55,26,18,14,51,14,36,15
12,2,6,112,38.65,51,14,27,14,14,43,31,11
4,2,6,63,38.65,36,20,30,32,14,37,37,7
12,8,9,80,39.25,34,52,37,39,35,14,31,5
12,8,6,24,39.25,52,39,37,34,48,43,28,5
3,8,6,8,39.25,20,32,36,30,31,29,14,7
4,8,9,13,39.25,54,19,49,34,14,29,14,0
3,2,9,66,38.65,55,26,46,18,41,31,24,15
3,8,9,16,39.25,32,20,36,30,50,14,38,7
12,2,9,47,38.65,32,20,36,30,24,14,22,7
3,2,9,61,38.65,37,34,39,52,21,35,28,5
4,8,9,42,39.25,27,39,23,32,33,29,44,11
12,2,6,34,38.65,18,55,32,54,51,50,38,13
4,2,9,57,38.65,34,52,37,39,14,50,51,5
3,8,9,97,39.25,32,20,36,30,14,14,48,7
4,2,6,35,38.65,17,45,42,14,38,28,31,1
4,8,6,20,39.25,32,55,54,18,24,50,43,13
3,8,6,102,39.25,34,14,37,39,50,44,14,5
3,2,6,29,38.65,17,45,42,32,14,14,14,1
4,2,6,27,38.65,26,55,46,18,24,44,14,15
4,8,6,39,39.25,17,45,42,32,14,54,31,1
4,2,6,97,38.65,49,19,34,54,14,28,43,0
3,2,6,6,38.65,34,39,37,52,14,33,37,5
4,8,6,21,39.25,17,45,42,32,44,14,24,1
4,2,9,36,38.65,23,39,32,27,48,31,33,11
4,8,6,60,39.25,45,42,17,32,14,50,41,1
12,8,6,59,39.25,36,32,20,30,14,25,47,7
3,8,6,36,39.25,32,20,36,30,14,14,31,7
4,8,6,110,39.25,23,32,39,27,25,14,38,11
12,8,6,15,39.25,34,37,39,52,54,14,14,5
3,2,9,7,38.65,34,52,37,39,43,35,51,5
12,8,9,2,39.25,30,20,36,32,14,14,36,7
4,2,9,92,38.65,27,32,14,39,38,31,47,11
12,8,6,78,39.25,40,53,16,32,14,54,50,10
12,8,9,26,39.25,34,39,37,52,43,25,47,5
4,2,9,82,38.65,55,46,18,26,21,37,43,15
12,2,9,61,38.65,34,52,37,39,54,43,54,5
3,8,6,33,39.25,18,55,32,54,37,14,21,13
4,2,6,16,38.65,40,32,53,16,33,33,28,10
12,2,6,88,38.65,27,39,23,44,14,48,28,11
4,8,6,106,39.25,45,32,17,42,14,28,22,1
12,8,6,84,39.25,42,17,32,45,29,51,14,1
4,2,9,63,38.65,34,52,37,39,31,35,25,5
3,8,9,3,39.25,23,39,32,27,43,25,21,11
3,8,6,57,39.25,46,55,18,26,24,28,37,15
3,8,9,86,39.25,23,39,32,27,33,48,47,11
12,8,9,73,39.25,30,36,32,20,14,28,14,7
12,2,6,123,38.65,17,45,42,32,14,25,36,1
12,8,6,32,39.25,17,42,32,45,14,35,41,1
3,2,9,27,38.65,32,20,36,30,33,14,14,7
4,2,6,24,38.65,53,16,40,32,35,29,47,10
12,8,6,71,39.25,34,52,37,39,24,14,14,5
12,8,6,72,39.25,32,36,20,30,14,43,14,7
12,8,9,74,39.25,23,32,39,27,29,47,24,11
4,8,6,13,39.25,27,32,39,23,31,25,22,11
3,2,9,113,38.65,34,52,37,39,31,47,28,5
12,2,9,58,38.65,34,52,37,39,28,37,25,5
12,8,6,64,39.25,26,55,46,18,14,14,50,15
3,2,6,1,38.65,17,45,42,32,31,14,14,1
3,8,6,68,39.25,17,37,14,32,22,54,36,1
4,2,9,109,38.65,34,37,39,52,14,38,44,5
3,8,9,10,39.25,54,18,32,55,14,37,33,13
3,8,6,4,39.25,30,31,14,36,37,44,33,7
3,2,6,124,38.65,27,32,23,39,28,14,41,11
12,8,6,17,39.25,23,39,32,27,28,14,28,11
4,8,6,26,39.25,17,45,42,32,14,22,31,1
12,8,9,36,39.25,39,23,32,27,51,14,29,11
12,2,9,6,38.65,23,39,32,27,14,48,14,11
12,8,6,72,39.25,30,36,20,32,14,22,48,7
4,8,9,32,39.25,26,55,46,18,50,35,33,15
12,8,9,102,39.25,39,34,37,52,31,14,14,5
3,8,6,18,39.25,55,18,54,32,43,14,14,13
12,2,9,23,38.65,34,19,49,54,14,14,29,0
12,8,6,6,39.25,32,20,36,30,44,47,50,7
4,8,6,96,39.25,26,18,55,46,14,44,36,15
3,8,6,14,39.25,39,34,37,14,38,35,54,5
4,8,9,87,39.25,32,20,36,30,44,50,29,7
3,2,6,12,38.65,49,19,34,54,21,41,14,0
12,2,6,4,38.65,36,32,20,30,44,54,14,7
3,2,9,23,38.65,26,55,46,18,31,47,14,15
3,8,6,83,39.25,54,18,32,55,28,36,14,13
3,2,9,36,38.65,34,52,37,39,21,43,36,5
12,8,6,112,39.25,42,32,24,45,35,38,35,1
12,8,9,27,39.25,34,52,37,39,33,24,14,5
3,2,6,84,38.65,26,14,46,18,21,24,43,15
3,2,9,18,38.65,18,54,32,55,14,48,28,13
3,8,9,61,39.25,39,32,27,23,14,14,51,11
4,2,6,14,38.65,26,55,46,18,25,35,24,15
3,8,6,58,39.25,53,16,40,32,14,54,43,10
12,2,6,64,38.65,17,45,42,32,14,31,41,1
4,2,6,15,38.65,40,53,32,16,14,22,35,10
12,2,6,90,38.65,23,39,32,27,44,14,25,11
3,2,6,30,38.65,54,40,32,24,14,22,37,10
12,8,6,78,39.25,27,23,32,39,36,25,29,11
3,8,9,83,39.25,23,39,32,27,14,43,14,11
3,2,9,33,38.65,46,55,26,14,33,24,22,15
4,8,9,88,39.25,18,55,26,46,24,35,33,15
12,2,9,72,38.65,32,36,20,30,14,24,14,7
12,2,6,99,38.65,18,55,32,54,14,14,28,13
4,8,6,37,39.25,49,35,34,54,22,54,44,0
12,8,6,12,39.25,34,52,37,39,44,50,28,5
12,2,6,13,38.65,32,17,42,45,21,14,48,1
4,8,6,18,39.25,55,54,32,18,43,37,25,13
12,8,9,96,39.25,55,18,46,26,48,14,50,15
12,2,6,56,38.65,53,16,22,32,28,48,36,10
4,8,9,80,39.25,32,20,36,30,14,14,38,7
3,8,9,93,39.25,33,47,32,27,44,29,21,11
3,2,6,19,38.65,23,39,32,27,36,14,54,11
3,2,6,47,38.65,17,45,42,32,21,47,22,1
3,2,6,73,38.65,42,17,45,32,44,31,21,1
12,8,6,75,39.25,34,52,37,39,14,14,50,5
12,8,9,8,39.25,32,20,36,14,21,22,47,7
3,2,6,111,38.65,45,42,32,17,37,24,24,1
12,8,6,36,39.25,37,34,52,39,21,47,31,5
12,2,6,2,38.65,23,32,27,36,48,28,41,11
3,2,6,80,38.65,18,14,26,46,47,43,37,15
4,8,6,97,39.25,53,32,40,16,36,43,36,10
4,8,6,12,39.25,32,20,36,30,14,36,36,7
12,2,6,106,38.65,32,42,45,17,24,29,29,1
4,2,6,12,38.65,39,34,37,52,25,14,50,5
12,2,6,96,38.65,45,42,17,32,22,48,41,1
4,2,6,93,38.65,26,55,46,18,28,43,14,15
4,8,6,53,39.25,17,45,42,32,48,41,41,1
12,8,6,13,39.25,18,55,32,54,35,29,41,13
4,8,6,18,39.25,16,40,14,53,31,29,44,10
3,8,6,24,39.25,32,23,27,36,24,47,14,11
3,8,9,94,39.25,32,39,14,23,50,51,24,11
12,2,6,39,38.65,32,18,54,55,14,38,44,13
12,8,6,102,39.25,32,20,36,30,35,48,36,7
4,2,9,56,38.65,30,32,14,14,14,14,43,7
12,2,6,114,38.65,50,30,20,36,14,14,14,7
12,2,9,101,38.65,49,19,34,54,54,48,37,0
